Random,Id,Indication,Diabetes,IHD,Hypertension,Arrhythmia,History,IPSI,Contra,label
0.602437088463246,218242,A-F,no,no,yes,no,no,78.0,20 ,NoRisk
0.602437088463246,159284,TIA,no,no,no,no,no,70.0,60 ,NoRisk
0.602437088463246,106066,A-F,no,yes,yes,no,no,95.0,40,Risk
0.128156626672668,229592,TIA,no,no,yes,no,no,90.0,85,Risk
0.6768621008711422,245829,CVA,no,no,no,no,no,70.0,20 ,NoRisk
0.916897363880055,169990,A-F,no,no,no,yes,no,95.0,95,Risk
0.38340794240982795,196122,A-F,no,yes,yes,no,no,90.0,95,Risk
0.538332704596911,261057,CVA,no,no,no,no,no,75.0,60 ,NoRisk
0.678157360025111,256128,TIA,no,no,yes,no,no,81.0,20 ,NoRisk
0.6893308196912509,196936,A-F,no,no,yes,yes,no,95.0,100,Risk
0.678157360025111,174588,CVA,no,yes,yes,yes,no,75.0,50,Risk
0.655217440605093,271863,A-F,no,yes,yes,no,no,80.0,40,Risk
0.071532688536353,274906,A-F,no,yes,no,no,no,76.0,50 ,NoRisk
0.025356101414003997,224025,CVA,no,yes,yes,yes,no,75.0,50,Risk
0.637037027643885,167053,TIA,no,yes,no,no,no,78.0,30 ,NoRisk
0.025356101414003997,219417,CVA,no,yes,yes,yes,no,90.0,100,Risk
0.065821332798707,275149,ASx,no,yes,yes,yes,no,90.0,100,Risk
0.046977013179121,292898,CVA,no,no,yes,no,no,82.0,40 ,NoRisk
0.479682229168149,284552,A-F,no,no,no,no,no,75.0,100,Risk
0.065821332798707,101248,ASx,yes,no,yes,no,no,80.0,80,Risk
0.8904266090967199,250562,A-F,no,no,yes,no,no,75.0,25 ,NoRisk
0.9819391389562391,217006,ASx,no,yes,no,no,no,80.0,75 ,NoRisk
0.8904266090967199,184827,ASx,no,no,yes,no,no,85.0,10 ,NoRisk
0.885270778948353,195912,CVA,no,no,no,no,no,68.0,60 ,NoRisk
0.61634625293516,269505,TIA,no,no,yes,no,no,81.0,40 ,NoRisk
0.61634625293516,190968,A-F,no,yes,no,no,no,76.0,70 ,NoRisk
0.61634625293516,142470,CVA,no,no,yes,no,no,50.0,40 ,NoRisk
0.147856957825617,295155,A-F,no,no,yes,no,no,75.0,15 ,NoRisk
0.9522916458274341,152936,CVA,no,yes,no,no,no,73.0,30 ,NoRisk
0.806726948890841,104062,A-F,no,no,no,no,no,78.0,30 ,NoRisk
0.9522916458274341,104010,CVA,no,no,no,no,no,99.0,60 ,NoRisk
0.222331212963218,78447,CVA,no,no,yes,no,no,70.0,50 ,NoRisk
0.429964579789645,161038,A-F,no,yes,yes,no,no,90.0,50,Risk
0.711927921497045,112060,CVA,yes,no,yes,yes,no,95.0,75,Risk
0.429964579789645,192217,CVA,no,yes,no,no,no,73.0,70 ,NoRisk
0.426172045814745,212137,TIA,no,no,no,no,no,71.0,70 ,NoRisk
0.951534562957963,215635,TIA,no,yes,no,no,no,70.0,30 ,NoRisk
0.8495177655962389,79264,A-F,no,yes,no,no,no,75.0,35 ,NoRisk
0.951534562957963,295092,CVA,no,no,yes,no,no,70.0,20 ,NoRisk
0.5455284906367991,288684,A-F,no,yes,no,yes,no,80.0,30,Risk
0.728136695483259,91068,A-F,no,no,no,no,no,70.0,20 ,NoRisk
0.12386321598773699,203584,TIA,no,yes,no,no,no,70.0,50 ,NoRisk
0.637194630626621,170683,A-F,no,yes,no,no,no,70.0,80 ,NoRisk
0.33421037761182204,188138,CVA,no,yes,yes,no,no,80.0,20 ,NoRisk
0.47556204459968,209305,A-F,no,yes,yes,no,no,75.0,30,Risk
0.651841423649811,257565,TIA,no,no,no,no,no,70.0,55 ,NoRisk
0.47556204459968,263601,A-F,no,no,yes,no,no,71.0,30 ,NoRisk
0.48638179482995203,190335,A-F,no,no,yes,no,no,70.0,20 ,NoRisk
0.6477556982864661,86596,CVA,no,no,no,no,no,75.0,100 ,NoRisk
0.07988022687682901,79276,CVA,no,yes,no,no,no,70.0,70 ,NoRisk
0.6477556982864661,84745,A-F,no,yes,no,no,no,75.0,60 ,NoRisk
0.9676327383041801,159702,TIA,no,no,no,no,no,65.0,30 ,NoRisk
0.9270985314212191,116919,A-F,no,no,yes,yes,no,90.0,75,Risk
0.36925495805537106,206952,TIA,no,yes,yes,no,no,75.0,60 ,NoRisk
0.9270985314212191,247629,A-F,no,no,yes,no,no,76.0,50 ,NoRisk
0.214768938478715,107364,CVA,no,yes,yes,yes,no,90.0,90,Risk
0.474348832271197,121150,CVA,no,yes,yes,no,no,70.0,100,Risk
0.7231260741460329,254427,ASx,no,yes,no,no,no,76.0,50 ,NoRisk
0.474348832271197,127162,CVA,no,no,yes,yes,no,95.0,100,Risk
0.7231260741460329,283935,CVA,no,no,yes,no,no,82.0,60 ,NoRisk
0.8698744851578009,232028,ASx,no,no,yes,no,no,70.0,60 ,NoRisk
0.474348832271197,97462,CVA,no,no,yes,no,no,68.0,20 ,NoRisk
0.8698744851578009,101697,A-F,no,no,yes,no,no,75.0,25 ,NoRisk
0.533629603662147,210968,A-F,no,no,no,no,no,75.0,30 ,NoRisk
0.22122125525545802,90643,A-F,no,no,yes,no,no,76.0,30 ,NoRisk
0.018190426063542,221184,A-F,no,yes,yes,no,no,95.0,40,Risk
0.22122125525545802,154412,A-F,no,no,no,no,no,70.0,20 ,NoRisk
0.526345460606236,170475,A-F,no,yes,no,no,no,76.0,60 ,NoRisk
0.5499465195126539,113727,Asx,yes,yes,yes,no,no,75.0,100,Risk
0.5098254100663979,167740,TIA,no,yes,yes,no,no,70.0,50 ,NoRisk
0.5499465195126539,234034,A-F,no,no,no,no,no,85.0,100,Risk
0.9652182563409201,294030,ASx,no,no,no,no,no,95.0,10 ,NoRisk
0.77875725764576,102309,TIA,no,no,no,no,no,65.0,30 ,NoRisk
0.030121624783034,162168,A-F,no,no,yes,no,no,76.0,50 ,NoRisk
0.77875725764576,91198,TIA,no,no,yes,no,yes,75.0,30 ,NoRisk
0.584054082725213,261961,TIA,no,yes,yes,no,no,80.0,100,Risk
0.259827961351592,295941,TIA,no,yes,no,no,no,73.0,30 ,NoRisk
0.57081838246638,277279,A-F,no,no,no,no,no,74.0,50 ,NoRisk
0.259827961351592,87786,A-F,no,no,no,no,no,78.0,30 ,NoRisk
0.954018060799469,144588,CVA,no,no,no,yes,no,95.0,100,Risk
0.969951065533806,153571,CVA,no,yes,no,no,no,85.0,50 ,NoRisk
0.792332002035601,277700,A-F,no,yes,no,no,no,76.0,70 ,NoRisk
0.188047720190531,272517,CVA,no,no,no,no,no,75.0,85 ,NoRisk
0.27239121545483896,88920,CVA,no,no,no,no,no,75.0,60 ,NoRisk
0.8527011399113921,243060,TIA,no,yes,no,no,no,82.0,70 ,NoRisk
0.437388193141772,165666,A-F,no,yes,no,yes,no,95.0,100,Risk
0.8527011399113921,83815,ASx,no,no,no,yes,no,90.0,100,Risk
0.107928660357877,162243,CVA,no,no,no,no,no,70.0,40 ,NoRisk
0.821316584070427,84553,A-F,no,no,yes,no,no,75.0,15 ,NoRisk
0.8999453181643849,260312,A-F,no,no,no,no,no,95.0,20 ,NoRisk
0.821316584070427,93801,A-F,no,yes,yes,no,no,80.0,10 ,NoRisk
0.135940010949995,246147,CVA,no,yes,no,no,no,70.0,60 ,NoRisk
0.207456306858615,194938,A-F,no,no,no,no,no,95.0,95,Risk
0.46033172376535797,206974,TIA,no,yes,yes,no,no,65.0,15 ,NoRisk
0.271619730998242,139633,A-F,no,no,no,no,no,85.0,100,Risk
0.407899145090761,229062,A-F,no,no,no,no,no,70.0,50 ,NoRisk
0.5221945808758239,152990,ASx,no,yes,no,no,no,76.0,50 ,NoRisk
0.26811583673521305,124044,TIA,no,yes,yes,yes,no,75.0,50,Risk
0.221727137342388,97971,A-F,no,yes,yes,no,no,80.0,10 ,NoRisk
0.897746807713823,255097,A-F,no,no,yes,no,no,50.0,30 ,NoRisk
0.704234617790319,192025,CVA,no,yes,yes,no,no,80.0,20 ,NoRisk
0.207456306858615,113046,ASx,yes,no,yes,no,no,80.0,80,Risk
0.12048113836719,188606,CVA,no,no,no,no,no,80.0,20 ,NoRisk
0.583807318662427,278178,TIA,no,no,yes,no,no,71.0,20 ,NoRisk
0.6555176886209201,217261,CVA,no,yes,yes,yes,no,90.0,100,Risk
0.038170676758879994,97363,TIA,no,no,no,no,no,70.0,55 ,NoRisk
0.6555176886209201,117970,A-F,no,no,yes,yes,no,75.0,100,Risk
0.802334552246871,120873,CVA,no,yes,yes,no,no,70.0,100,Risk
0.6846936082838381,159692,TIA,no,no,yes,no,no,73.0,40 ,NoRisk
0.723631016695472,139166,TIA,yes,yes,yes,no,no,75.0,75,Risk
0.6846936082838381,104322,TIA,yes,no,yes,no,no,98.0,75,Risk
0.171185128320433,95883,Asx,yes,yes,yes,yes,no,99.0,75,Risk
0.755583519126447,282488,TIA,no,yes,no,no,no,82.0,70 ,NoRisk
0.14677571409525,86557,TIA,no,yes,no,no,no,73.0,20 ,NoRisk
0.755583519126447,197622,ASx,no,no,yes,yes,no,97.0,95,Risk
0.509331020524735,151316,A-F,no,no,no,no,no,80.0,50 ,NoRisk
0.5774566177802061,80931,A-F,no,no,no,no,no,78.0,30 ,NoRisk
0.38955430784184203,171662,CVA,no,yes,yes,no,no,60.0,100 ,NoRisk
0.380265622553967,214690,ASx,no,yes,yes,yes,no,70.0,100,Risk
0.6496702215958841,166861,CVA,no,yes,yes,no,no,85.0,15 ,NoRisk
0.303476119926823,97664,A-F,no,no,no,no,no,95.0,95,Risk
0.661998430130187,152114,TIA,no,no,no,no,yes,75.0,100 ,NoRisk
0.489468172018395,102500,TIA,no,no,yes,no,no,78.0,50 ,NoRisk
0.421574186152766,275436,A-F,no,no,no,no,no,75.0,55 ,NoRisk
0.741190740497207,135741,A-F,no,no,yes,yes,no,75.0,100,Risk
0.12179118639938301,99788,CVA,no,no,yes,yes,no,95.0,100,Risk
0.533525181097309,215913,TIA,no,yes,no,no,no,73.0,30 ,NoRisk
0.9943104943060759,167770,A-F,yes,yes,yes,no,no,80.0,50,Risk
0.46437157097812504,189606,CVA,no,no,no,no,no,75.0,100 ,NoRisk
0.463524207969255,221058,ASx,no,no,no,no,no,75.0,10 ,NoRisk
0.5431879982601869,155414,A-F,no,yes,yes,no,no,85.0,20 ,NoRisk
0.511954186569521,95004,Asx,no,yes,yes,yes,no,75.0,100,Risk
0.7925190116163909,94140,TIA,no,yes,yes,no,no,76.0,50 ,NoRisk
0.380767935477168,92110,A-F,no,yes,no,yes,no,95.0,100,Risk
0.7925190116163909,163351,ASx,no,no,yes,no,no,85.0,79,Risk
0.046251531342049006,242690,A-F,no,yes,no,no,no,70.0,70 ,NoRisk
0.9222428177838209,203697,A-F,no,yes,no,no,no,80.0,20 ,NoRisk
0.8001315681090991,291452,A-F,no,no,yes,no,no,90.0,20 ,NoRisk
0.9222428177838209,121453,CVA,yes,no,yes,yes,no,95.0,90,Risk
0.48068285437533503,191281,A-F,no,no,no,no,no,80.0,25 ,NoRisk
0.084495264920284,233884,CVA,no,no,yes,no,no,50.0,40 ,NoRisk
0.8184940909753672,183441,CVA,no,no,yes,no,no,80.0,55 ,NoRisk
0.084495264920284,93024,TIA,no,no,no,no,no,70.0,45 ,NoRisk
0.19692055107866802,85736,CVA,no,no,no,no,no,99.0,60 ,NoRisk
0.500408549053778,140583,A-F,no,yes,yes,no,no,95.0,40,Risk
0.464748225317255,164667,CVA,no,yes,no,no,no,70.0,70 ,NoRisk
0.500408549053778,252456,A-F,yes,no,yes,yes,no,85.0,100,Risk
0.948803244800481,92877,A-F,no,yes,no,no,no,73.0,10 ,NoRisk
0.268669408408036,83950,A-F,no,no,no,no,no,90.0,50 ,NoRisk
0.347758976754793,115664,ASx,no,no,no,no,no,73.0,65 ,NoRisk
0.268669408408036,219024,A-F,no,yes,yes,no,no,70.0,100,Risk
0.266811407175613,95124,TIA,no,no,yes,no,no,75.0,20 ,NoRisk
0.290496624818861,87823,A-F,no,no,no,yes,no,95.0,95,Risk
0.8598999125008209,137300,CVA,no,yes,yes,yes,no,75.0,50,Risk
0.290496624818861,160096,TIA,no,no,yes,no,no,78.0,30 ,NoRisk
0.8598999125008209,127464,A-F,no,yes,no,yes,no,80.0,30,Risk
0.5970155739231371,108027,A-F,no,yes,no,no,no,80.0,20 ,NoRisk
0.059741069004368,91507,TIA,no,yes,yes,no,no,80.0,60 ,NoRisk
0.5970155739231371,126290,A-F,yes,no,no,yes,no,99.0,100,Risk
0.829228967689559,203712,A-F,no,yes,yes,no,no,65.0,60 ,NoRisk
0.329140614472734,194410,TIA,no,yes,no,no,no,78.0,30 ,NoRisk
0.7971436765025809,196834,CVA,no,yes,yes,yes,no,90.0,100,Risk
0.329140614472734,137197,A-F,no,no,no,yes,no,90.0,100,Risk
0.703487051776,200274,TIA,no,no,yes,no,no,73.0,30 ,NoRisk
0.10930884840340199,153309,A-F,no,yes,yes,no,no,85.0,20 ,NoRisk
0.762791760928631,261388,A-F,no,no,no,no,no,67.0,50 ,NoRisk
0.10930884840340199,295609,TIA,no,no,no,no,no,90.0,90 ,NoRisk
0.876757574593288,164475,TIA,no,yes,no,no,no,73.0,60 ,NoRisk
0.7341708785287121,103404,A-F,no,no,no,no,no,70.0,20 ,NoRisk
0.11385110578707801,81313,A-F,no,no,yes,no,no,80.0,62,Risk
0.7341708785287121,205035,CVA,no,yes,yes,no,no,80.0,20 ,NoRisk
0.7875867284553342,279010,CVA,no,no,yes,no,no,50.0,40 ,NoRisk
0.20957688028473898,84632,Asx,yes,yes,yes,no,no,90.0,95,Risk
0.571096919753857,278916,CVA,no,yes,no,no,no,70.0,70 ,NoRisk
0.294242117602745,285399,A-F,no,no,no,no,no,95.0,20 ,NoRisk
0.7704774350475309,166796,ASx,no,no,yes,no,no,73.0,25 ,NoRisk
0.661403928679307,232617,CVA,no,yes,no,no,no,73.0,30 ,NoRisk
0.8953766349580151,230462,Asx,no,yes,yes,yes,no,80.0,53,Risk
0.661403928679307,191092,A-F,no,no,no,no,no,80.0,100,Risk
0.715514908016127,115713,TIA,no,no,yes,no,no,73.0,50 ,NoRisk
0.96586572208397,261596,ASx,no,no,no,no,no,78.0,35 ,NoRisk
0.11384945428063199,141282,CVA,no,no,no,no,no,70.0,40 ,NoRisk
0.96586572208397,97917,CVA,no,yes,yes,yes,no,90.0,100,Risk
0.078806237675356,159112,A-F,no,no,no,no,no,75.0,55 ,NoRisk
0.45851149879090103,234684,ASx,no,yes,no,no,no,76.0,30 ,NoRisk
0.25735513755267003,289819,TIA,no,yes,yes,no,no,80.0,60 ,NoRisk
0.65603327636799,274184,CVA,no,no,yes,yes,no,95.0,100,Risk
0.54318980831667,217945,Asx,no,yes,yes,yes,no,80.0,50,Risk
0.6555100399357429,287536,A-F,no,yes,no,no,no,79.0,40 ,NoRisk
0.661403928679307,220654,A-F,no,no,no,no,no,70.0,20 ,NoRisk
0.6555100399357429,99048,CVA,no,no,no,no,no,80.0,100 ,NoRisk
0.924837792806447,168013,CVA,no,no,yes,no,no,77.0,20 ,NoRisk
0.6909647202624561,99814,CVA,no,no,no,no,no,95.0,85 ,NoRisk
0.42084311461713897,82212,TIA,no,yes,no,no,no,84.0,55 ,NoRisk
0.6909647202624561,220482,ASx,no,no,no,no,no,95.0,15 ,NoRisk
0.9994484986243071,252619,A-F,no,no,yes,no,no,75.0,15 ,NoRisk
0.970780900812473,202122,TIA,no,yes,no,no,no,80.0,51 ,NoRisk
0.971190151618615,219435,TIA,yes,yes,no,no,no,70.0,70,Risk
0.970780900812473,276056,CVA,yes,yes,yes,no,no,75.0,100,Risk
0.45851149879090103,290124,A-F,no,yes,yes,no,no,75.0,30,Risk
0.16952446876520402,117990,A-F,no,yes,yes,yes,no,80.0,100,Risk
0.38879017888022294,240232,CVA,yes,no,,yes,no,95.0,90,Risk
0.36028735492993297,244654,TIA,no,yes,yes,no,no,95.0,100,Risk
0.193800607030331,185046,A-F,no,yes,no,no,no,76.0,60 ,NoRisk
0.49404527697279205,82389,A-F,no,no,no,no,no,75.0,30 ,NoRisk
0.360643785355442,235184,TIA,no,yes,yes,no,no,55.0,20 ,NoRisk
0.25430649576932,194888,TIA,no,no,no,no,no,75.0,100 ,NoRisk
0.603501203253852,278001,A-F,no,yes,yes,yes,no,90.0,90,Risk
0.155100786657724,156075,A-F,no,yes,no,yes,no,95.0,100,Risk
0.8118828294877459,245682,CVA,no,yes,no,no,no,90.0,20 ,NoRisk
0.865074681690481,289693,A-F,no,no,no,no,no,80.0,20 ,NoRisk
0.17930336822015,148214,A-F,yes,yes,yes,no,no,90.0,70,Risk
0.30124564571362605,254055,CVA,no,no,no,no,no,95.0,85 ,NoRisk
0.4919227661672129,168394,CVA,no,no,no,no,no,68.0,40 ,NoRisk
0.30124564571362605,174778,A-F,no,yes,no,no,no,79.0,40 ,NoRisk
0.053902955370922004,232987,ASx,no,yes,yes,no,no,55.0,85 ,NoRisk
0.606378066505168,191424,A-F,no,yes,no,no,no,70.0,70 ,NoRisk
0.897115136287721,254239,CVA,no,no,no,no,no,75.0,100 ,NoRisk
0.41390348896676704,140332,TIA,no,yes,no,no,no,73.0,20 ,NoRisk
0.897115136287721,206395,ASx,yes,yes,no,yes,no,80.0,60,Risk
0.53599893558908,256411,TIA,yes,yes,no,no,no,95.0,90,Risk
0.7998521965770401,243546,TIA,no,no,no,no,no,85.0,75 ,NoRisk
0.674308363707219,134096,A-F,no,yes,yes,no,no,95.0,35,Risk
0.781131459891288,110097,CVA,no,no,no,no,no,68.0,40 ,NoRisk
0.6675280209765551,219183,TIA,no,yes,no,no,no,82.0,30 ,NoRisk
0.779279376491323,258974,TIA,no,no,no,no,no,70.0,40 ,NoRisk
0.6675280209765551,103825,CVA,no,no,no,no,no,70.0,50 ,NoRisk
0.801774557243816,80124,CVA,no,yes,yes,yes,no,75.0,50,Risk
0.25123822040315696,220466,TIA,no,no,yes,no,no,75.0,40 ,NoRisk
0.596930643126683,193316,A-F,no,no,yes,yes,no,90.0,75,Risk
0.25123822040315696,141091,CVA,no,yes,yes,yes,no,90.0,100,Risk
0.779279376491323,289639,CVA,no,no,yes,yes,no,80.0,80,Risk
0.114099441250888,255628,A-F,no,yes,yes,no,no,65.0,60 ,NoRisk
0.606378066505168,191892,ASx,no,yes,yes,yes,no,70.0,100,Risk
0.146849826598642,88076,A-F,no,yes,yes,yes,no,95.0,85,Risk
0.7951658164213091,207878,CVA,no,no,yes,no,no,70.0,50 ,NoRisk
0.7702967814785309,91618,TIA,no,yes,no,no,no,70.0,50 ,NoRisk
0.674308363707219,211441,A-F,no,yes,yes,no,no,81.0,20 ,NoRisk
0.150365786590682,160047,ASx,no,yes,no,no,no,76.0,30 ,NoRisk
0.52453235844162,191949,TIA,no,no,no,no,no,75.0,20 ,NoRisk
0.7060852968896191,269416,TIA,no,no,no,no,yes,75.0,100 ,NoRisk
0.551512938714856,210166,CVA,no,yes,yes,yes,no,85.0,100,Risk
0.538304382071927,294544,TIA,no,yes,no,no,no,78.0,30 ,NoRisk
0.493611091441567,226171,TIA,yes,no,yes,no,no,55.0,75,Risk
0.024022850013762996,171350,TIA,no,yes,yes,no,no,80.0,100,Risk
0.8244825657379559,96892,CVA,no,no,no,no,no,68.0,40 ,NoRisk
0.21982137555751502,257449,ASx,no,yes,yes,yes,no,70.0,55,Risk
0.53599893558908,154263,CVA,no,no,yes,no,no,77.0,20 ,NoRisk
0.8268706538774641,94602,A-F,no,no,no,no,no,82.0,30 ,NoRisk
0.114099441250888,252315,TIA,no,no,no,no,no,90.0,90 ,NoRisk
0.566727350320011,249090,A-F,no,yes,yes,no,no,70.0,40 ,NoRisk
0.488464712154806,160234,A-F,no,no,yes,no,no,70.0,50 ,NoRisk
0.329754087230732,194053,A-F,no,yes,no,yes,no,99.0,100,Risk
0.638787641453885,115413,CVA,no,no,no,no,no,95.0,85 ,NoRisk
0.37832565030803894,192205,CVA,no,no,no,no,no,60.0,20 ,NoRisk
0.8244825657379559,177278,A-F,no,no,no,no,no,74.0,50 ,NoRisk
0.412118992468068,196788,A-F,no,no,no,no,no,70.0,20 ,NoRisk
0.321852053899676,271690,CVA,no,yes,yes,yes,no,90.0,100,Risk
0.412118992468068,290877,A-F,no,no,yes,no,no,75.0,15 ,NoRisk
0.649884722803709,254568,CVA,no,no,yes,yes,no,76.0,30 ,NoRisk
0.06369348116626,171463,TIA,no,yes,yes,no,no,75.0,50 ,NoRisk
0.024022850013762996,175170,TIA,no,no,no,no,no,75.0,75 ,NoRisk
0.06369348116626,234112,A-F,no,yes,no,no,yes,80.0,50,Risk
0.004507920098539,197826,CVA,no,no,no,no,no,70.0,40 ,NoRisk
0.997122041239222,259122,TIA,no,yes,yes,no,no,76.0,50 ,NoRisk
0.8268706538774641,293485,A-F,no,no,yes,no,no,90.0,20 ,NoRisk
0.997122041239222,263930,ASx,no,no,no,no,no,70.0,20 ,NoRisk
0.548807259095024,247846,A-F,no,no,yes,yes,no,90.0,100,Risk
0.457255928345051,270141,CVA,no,yes,yes,yes,no,90.0,100,Risk
0.37832565030803894,190567,TIA,no,no,no,no,no,71.0,70 ,NoRisk
0.457255928345051,269050,TIA,no,no,no,no,no,70.0,30 ,NoRisk
0.9868141447955792,186277,CVA,no,yes,yes,yes,no,90.0,100,Risk
0.06451998100403,85100,A-F,no,yes,no,yes,yes,90.0,50,Risk
0.039573215334886,102108,ASx,no,no,no,no,no,78.0,35 ,NoRisk
0.06451998100403,293544,CVA,no,no,yes,no,no,70.0,20 ,NoRisk
0.159566833440545,239840,A-F,no,yes,yes,yes,no,90.0,90,Risk
0.022230983938416,89583,A-F,no,yes,no,no,no,75.0,35 ,NoRisk
0.9520172929084879,205310,ASx,no,yes,yes,no,no,75.0,75,Risk
0.022230983938416,134091,A-F,no,no,yes,yes,no,90.0,30,Risk
0.610601129018845,214434,ASx,no,yes,yes,no,no,85.0,16 ,NoRisk
0.10403676844224799,88399,ASx,no,yes,no,no,no,81.0,80 ,NoRisk
0.504069192763695,115651,ASx,no,yes,yes,no,no,75.0,75,Risk
0.10403676844224799,197818,TIA,no,no,no,no,no,75.0,30 ,NoRisk
0.134720490031007,217948,TIA,no,no,no,no,no,85.0,73 ,NoRisk
0.204720625264502,169153,A-F,no,no,yes,yes,no,75.0,100,Risk
0.9001975781346508,114721,CVA,no,no,no,no,no,68.0,60 ,NoRisk
0.204720625264502,273969,CVA,no,yes,yes,no,no,76.0,50 ,NoRisk
0.22063164087751397,157020,TIA,no,no,yes,no,no,73.0,30 ,NoRisk
0.9920487253303291,270620,A-F,no,no,no,no,no,75.0,75 ,NoRisk
0.35336148512854904,256225,A-F,no,no,yes,no,no,70.0,20 ,NoRisk
0.041789013102992996,284648,A-F,no,no,no,no,no,75.0,75 ,NoRisk
0.403353732941911,90260,CVA,no,no,no,no,no,95.0,85 ,NoRisk
0.3896684232044221,95564,A-F,no,yes,yes,no,no,81.0,10 ,NoRisk
0.6429595978911861,160338,A-F,no,no,no,yes,no,95.0,95,Risk
0.9941177272799301,102295,TIA,no,yes,yes,no,no,75.0,50 ,NoRisk
0.449858631296808,288082,ASx,no,no,no,no,no,78.0,35 ,NoRisk
0.9525490870321479,206996,CVA,no,no,yes,yes,no,80.0,80,Risk
0.349475630544415,81511,CVA,no,no,no,no,no,68.0,100 ,NoRisk
0.718997724960683,269089,A-F,no,no,no,no,no,67.0,50 ,NoRisk
0.110114370576833,235753,TIA,no,yes,yes,no,no,81.0,30 ,NoRisk
0.08088405273282201,110286,A-F,no,yes,yes,no,no,90.0,70,Risk
0.5818145040107879,178842,CVA,no,yes,no,no,no,85.0,40 ,NoRisk
0.08088405273282201,159615,TIA,yes,no,yes,no,no,50.0,100,Risk
0.894083006605182,283298,TIA,no,no,no,no,no,99.0,60 ,NoRisk
0.518919123166764,144129,CVA,no,no,yes,yes,no,95.0,100,Risk
0.507791567620122,208270,ASx,no,no,yes,no,no,90.0,80,Risk
0.468218431696044,280296,CVA,no,no,yes,yes,no,80.0,100,Risk
0.939411958791052,243273,CVA,no,yes,yes,no,no,76.0,40 ,NoRisk
0.275191573056822,194322,A-F,no,yes,no,no,no,90.0,90,Risk
0.582555760538187,161310,CVA,no,no,no,no,no,70.0,40 ,NoRisk
0.275191573056822,82725,CVA,no,yes,yes,no,no,70.0,100,Risk
0.015931883593019,280129,CVA,no,no,no,no,no,90.0,30 ,NoRisk
0.8752727969601809,196029,TIA,no,yes,no,no,no,73.0,30 ,NoRisk
0.8904673001397951,141564,TIA,no,yes,yes,no,no,76.0,50 ,NoRisk
0.8752727969601809,123618,CVA,no,yes,yes,yes,no,70.0,100,Risk
0.15295651690593098,195846,TIA,no,no,yes,no,no,75.0,30 ,NoRisk
0.185375207555423,269076,ASx,no,no,no,no,no,95.0,10 ,NoRisk
0.154499196706543,262828,TIA,no,yes,no,no,no,80.0,50 ,NoRisk
0.185375207555423,280791,TIA,no,no,yes,no,no,81.0,40 ,NoRisk
0.924900418328924,128814,CVA,no,no,yes,yes,no,95.0,100,Risk
0.136759331854515,145305,TIA,yes,no,yes,no,no,90.0,95,Risk
0.302737765091628,82810,CVA,no,yes,no,yes,no,95.0,100,Risk
0.136759331854515,96099,ASx,no,yes,yes,no,no,90.0,70,Risk
0.374551556205889,219640,TIA,no,no,yes,no,no,85.0,30 ,NoRisk
0.25425627269615503,186968,A-F,yes,yes,yes,yes,no,95.0,100,Risk
0.518919123166764,159057,ASx,no,no,yes,no,no,85.0,10 ,NoRisk
0.032843056456347997,295228,CVA,no,yes,no,no,no,80.0,40 ,NoRisk
0.139553314788439,174673,ASx,no,no,yes,no,no,75.0,100,Risk
0.20827056689122603,210672,TIA,no,no,no,no,no,50.0,40 ,NoRisk
0.4790564585215589,111828,TIA,no,yes,yes,yes,no,75.0,50,Risk
0.20827056689122603,213906,A-F,no,yes,no,no,no,70.0,40 ,NoRisk
0.9579633050634742,210691,TIA,no,yes,yes,no,no,55.0,20 ,NoRisk
0.403727271771154,261368,A-F,yes,no,yes,yes,no,95.0,75,Risk
0.762959932105328,273459,CVA,no,no,yes,yes,no,76.0,30 ,NoRisk
0.403727271771154,269256,CVA,no,no,no,no,no,75.0,85 ,NoRisk
0.32701217854999104,244458,CVA,no,no,yes,yes,no,95.0,100,Risk
0.137375134374358,133632,A-F,no,yes,yes,no,no,70.0,100,Risk
0.6170724369697079,260770,CVA,no,yes,no,no,,85.0,50,NoRisk
0.137375134374358,141264,A-F,no,yes,yes,no,no,70.0,40 ,NoRisk
0.23819474415864603,104918,CVA,no,no,yes,yes,no,95.0,100,Risk
0.378696740418545,174483,A-F,no,yes,no,yes,no,95.0,100,Risk
0.5861471811649289,127995,TIA,no,yes,yes,no,no,80.0,100,Risk
0.11503761832793301,88683,CVA,no,yes,no,no,no,80.0,70 ,NoRisk
0.23623747725362398,196854,CVA,no,no,no,no,no,90.0,30 ,NoRisk
0.21562214493219503,220628,CVA,no,yes,no,yes,no,70.0,75 ,NoRisk
0.42448372070353796,231726,ASx,no,yes,no,no,no,73.0,20 ,NoRisk
0.21562214493219503,214933,A-F,no,no,no,no,no,70.0,20 ,NoRisk
0.44536723322274496,85306,TIA,no,yes,no,no,no,82.0,20 ,NoRisk
0.20052688346452502,213428,CVA,yes,yes,yes,no,no,70.0,20 ,NoRisk
0.5511869138385029,188174,TIA,no,no,yes,no,no,73.0,30 ,NoRisk
0.44893805725433095,100492,TIA,no,yes,no,no,no,80.0,51 ,NoRisk
0.7973977623434859,294939,CVA,no,no,no,no,no,50.0,50 ,NoRisk
0.19975144021770802,101233,TIA,no,no,no,no,no,70.0,50 ,NoRisk
0.369394358196956,182559,TIA,yes,yes,no,no,no,95.0,90,Risk
0.5895023793131,172699,Asx,no,yes,yes,yes,no,80.0,53,Risk
0.518071541941287,91149,CVA,no,no,no,no,no,75.0,20 ,NoRisk
0.7978258154819201,170534,CVA,no,no,no,no,no,75.0,100 ,NoRisk
0.247991162941107,284749,CVA,no,no,no,no,no,95.0,30 ,NoRisk
0.7978258154819201,172166,CVA,yes,yes,yes,no,no,70.0,20 ,NoRisk
0.6706425042561229,269478,A-F,no,no,yes,no,no,76.0,50 ,NoRisk
0.949526002183606,260070,A-F,no,no,no,no,no,80.0,25 ,NoRisk
0.450123569318115,277461,CVA,no,yes,yes,no,no,75.0,50 ,NoRisk
0.949526002183606,207417,CVA,no,yes,yes,no,no,85.0,50 ,NoRisk
0.9721825877814729,186952,ASx,no,yes,no,no,no,73.0,20 ,NoRisk
0.18854428983546997,138794,ASx,no,no,no,yes,no,90.0,100,Risk
0.19761014188163,264036,CVA,no,no,yes,no,no,75.0,60 ,NoRisk
0.18854428983546997,92719,CVA,no,no,yes,no,no,75.0,20 ,NoRisk
0.640321424471442,188655,CVA,no,yes,yes,yes,no,90.0,90,Risk
0.747456258907327,262252,CVA,yes,yes,yes,no,no,70.0,20 ,NoRisk
0.500821787596528,151423,CVA,no,yes,yes,yes,no,90.0,90,Risk
0.747456258907327,156787,CVA,no,no,yes,no,no,82.0,60 ,NoRisk
0.902580301190287,100473,A-F,no,no,yes,yes,no,90.0,100,Risk
0.45238783834572704,191720,A-F,no,yes,yes,yes,no,95.0,70,Risk
0.44893805725433095,103832,A-F,no,yes,yes,yes,no,95.0,85,Risk
0.45238783834572704,155926,A-F,no,yes,no,no,no,70.0,40 ,NoRisk
0.378696740418545,172800,ASx,no,yes,no,no,no,81.0,50 ,NoRisk
0.506596920679855,131126,A-F,yes,no,yes,yes,no,79.0,100,Risk
0.693893328147385,157090,A-F,no,no,yes,no,no,75.0,40 ,NoRisk
0.506596920679855,92481,A-F,no,yes,yes,no,no,80.0,10 ,NoRisk
0.500821787596528,170962,ASx,no,yes,no,no,no,81.0,50 ,NoRisk
0.483116492733486,206386,A-F,no,no,no,no,no,75.0,55 ,NoRisk
0.48811661181807303,202620,CVA,no,yes,yes,yes,no,90.0,90,Risk
0.29320645687638597,198428,TIA,no,yes,no,no,no,70.0,50 ,NoRisk
0.44893805725433095,278708,A-F,yes,yes,yes,yes,no,90.0,100,Risk
0.461599460252499,217333,ASx,no,yes,yes,yes,no,70.0,100,Risk
0.061277867274696994,92185,TIA,no,yes,yes,no,no,75.0,50 ,NoRisk
0.483116492733486,249297,ASx,no,no,no,no,no,95.0,95,Risk
0.693893328147385,253808,ASx,no,yes,yes,yes,no,90.0,100,Risk
0.667357454699979,154323,A-F,no,yes,no,no,no,76.0,65 ,NoRisk
0.46985305537266997,221665,CVA,no,no,no,no,no,70.0,50 ,NoRisk
0.9531021601812859,218546,TIA,no,yes,no,no,no,70.0,15 ,NoRisk
0.7978258154819201,109981,A-F,no,no,no,no,no,70.0,30 ,NoRisk
0.673854393095341,276966,CVA,no,no,no,no,no,50.0,50 ,NoRisk
0.908471237301266,174139,A-F,no,no,yes,no,no,70.0,20 ,NoRisk
0.35850816420998105,217779,CVA,no,no,yes,no,no,73.0,35 ,NoRisk
0.231877567844536,168159,Asx,yes,yes,yes,no,no,99.0,75,Risk
0.31662615334272104,95390,CVA,no,yes,yes,no,no,85.0,70,Risk
0.292285126261927,167224,A-F,no,yes,yes,no,no,95.0,80,Risk
0.29320645687638597,176161,A-F,no,no,no,no,no,70.0,10 ,NoRisk
0.38169761408611996,242853,TIA,no,no,no,no,no,70.0,50 ,NoRisk
0.8681197837532958,295540,TIA,no,no,no,no,no,35.0,35 ,NoRisk
0.29220463965080895,104263,CVA,yes,no,yes,yes,no,95.0,75,Risk
0.35850816420998105,195393,ASx,no,yes,yes,no,no,55.0,85 ,NoRisk
0.243350569768022,221780,CVA,no,yes,no,no,no,80.0,40 ,NoRisk
0.295240367960603,282950,CVA,no,no,no,no,no,70.0,50 ,NoRisk
0.506596920679855,157123,CVA,no,yes,yes,no,no,85.0,100,Risk
0.667357454699979,288608,CVA,no,yes,yes,yes,no,80.0,50,Risk
0.252185949326359,280105,ASx,no,no,yes,no,no,75.0,100,Risk
0.115096992760829,102426,ASx,no,no,yes,no,no,73.0,25 ,NoRisk
0.289103619878404,286731,A-F,no,no,yes,no,no,70.0,20 ,NoRisk
0.673854393095341,186430,TIA,no,no,no,no,yes,75.0,100 ,NoRisk
0.526955024512044,200378,ASx,no,no,yes,no,no,73.0,25 ,NoRisk
0.13278448241047802,191014,A-F,no,yes,no,no,no,76.0,50 ,NoRisk
0.254916231052859,272311,TIA,no,yes,yes,no,no,80.0,40 ,NoRisk
0.925127632058371,230228,A-F,no,no,yes,no,no,80.0,62,Risk
0.506596920679855,92630,A-F,no,yes,no,no,no,90.0,90,Risk
0.6322768109508461,156088,CVA,no,no,yes,no,no,80.0,55 ,NoRisk
0.608030180756666,142600,A-F,no,yes,no,no,no,75.0,60 ,NoRisk
0.39629788262493,259748,CVA,no,no,no,no,no,50.0,50 ,NoRisk
0.9531021601812859,189552,A-F,no,yes,no,yes,no,90.0,100,Risk
0.216494634554211,179060,A-F,no,yes,no,no,no,70.0,40 ,NoRisk
0.31662615334272104,279706,A-F,no,no,no,no,no,75.0,75 ,NoRisk
0.9508346788497171,285649,CVA,no,no,yes,no,no,77.0,20 ,NoRisk
0.5921460599478029,86467,ASx,no,yes,no,no,no,76.0,50 ,NoRisk
0.8777304875360901,89080,CVA,no,yes,no,no,no,73.0,80 ,NoRisk
0.39629788262493,150277,CVA,no,yes,yes,yes,no,75.0,50,Risk
0.681743619451809,182912,A-F,no,yes,no,yes,no,90.0,100,Risk
0.34927903450602504,110330,CVA,no,no,no,no,no,60.0,20 ,NoRisk
0.607075499286818,154560,ASx,no,no,yes,no,no,73.0,25 ,NoRisk
0.808289072382607,188494,TIA,no,no,yes,no,no,73.0,30 ,NoRisk
0.634671737356908,273676,A-F,no,yes,yes,no,no,81.0,20 ,NoRisk
0.036691182655779996,259831,A-F,yes,yes,yes,yes,no,95.0,100,Risk
0.585595798364384,166944,ASx,no,no,no,yes,no,95.0,95,Risk
0.115096992760829,170750,CVA,no,yes,yes,no,no,80.0,20 ,NoRisk
0.7070700060645659,163168,A-F,yes,yes,yes,no,no,90.0,70,Risk
0.25142701727209,212883,CVA,no,yes,no,no,no,73.0,30 ,NoRisk
0.298074322417655,246842,TIA,no,no,yes,no,no,73.0,40 ,NoRisk
0.42563093579627903,115959,A-F,no,no,no,no,no,80.0,80 ,NoRisk
0.3536077475438739,123188,ASx,no,yes,yes,yes,no,70.0,100,Risk
0.8651282732629109,264344,TIA,no,no,no,no,no,68.0,20 ,NoRisk
0.76284660348091,287595,TIA,no,yes,no,no,no,82.0,20 ,NoRisk
0.6322768109508461,293352,ASx,no,yes,yes,yes,no,95.0,60,Risk
0.6481216063391719,261060,,no,yes,yes,no,no,70.0,40,NoRisk
0.9508346788497171,263150,TIA,no,no,no,no,no,68.0,50 ,NoRisk
0.19262452162695698,89859,A-F,no,yes,yes,no,no,75.0,30,Risk
0.216494634554211,189812,TIA,no,yes,no,no,no,80.0,51 ,NoRisk
0.9093169202332599,184275,TIA,no,no,no,no,no,70.0,30 ,NoRisk
0.681743619451809,224257,CVA,,yes,yes,yes,no,90.0,100,Risk
0.9566339086287672,218080,TIA,no,no,yes,no,no,80.0,60 ,NoRisk
0.8777304875360901,94561,TIA,no,yes,no,no,no,78.0,60 ,NoRisk
0.585595798364384,87681,A-F,no,yes,no,no,no,70.0,40 ,NoRisk
0.027905910613782,194348,A-F,no,no,no,no,no,90.0,50 ,NoRisk
0.8591365745120201,95343,CVA,no,no,yes,yes,no,95.0,100,Risk
0.5185581174516181,254469,ASx,no,no,yes,no,no,70.0, ,NoRisk
0.570452258354329,279204,CVA,no,no,yes,yes,no,95.0,100,Risk
0.8760837312235649,210980,CVA,no,no,yes,no,no,77.0,20 ,NoRisk
0.12333532128544901,271479,A-F,yes,no,yes,yes,no,90.0,100,Risk
0.0006244717127100001,188991,TIA,no,yes,no,no,no,73.0,90 ,NoRisk
0.9865048750237049,179583,A-F,no,no,no,no,no,95.0,20 ,NoRisk
0.600376569929655,249358,TIA,no,no,yes,no,no,75.0,40 ,NoRisk
0.06554903490999099,88086,ASx,no,yes,no,no,no,73.0,20 ,NoRisk
0.346395958666467,184196,CVA,no,yes,yes,yes,no,70.0,100,Risk
0.19262452162695698,288452,ASx,no,no,yes,no,no,85.0,10 ,NoRisk
0.819351562367534,107719,TIA,no,yes,yes,no,no,76.0,30 ,NoRisk
0.10923131786181599,96514,A-F,no,yes,no,yes,no,90.0,100,Risk
0.068593762962016,195018,TIA,no,yes,no,no,no,90.0,100,Risk
0.9566339086287672,171298,Asx,yes,yes,yes,no,no,75.0,100,Risk
0.175247317518523,165433,CVA,no,no,no,no,no,70.0,25 ,NoRisk
0.345950617340442,143140,A-F,no,no,no,no,no,95.0,95,Risk
0.6447805599884849,220166,CVA,no,no,no,no,no,75.0,60 ,NoRisk
0.24979205705670998,194041,ASx,no,no,yes,no,no,73.0,25 ,NoRisk
0.585595798364384,193531,A-F,no,no,yes,no,no,80.0,40 ,NoRisk
0.8889684220969319,209878,A-F,no,yes,yes,no,no,85.0,75,Risk
0.43008045207534296,192296,CVA,no,no,yes,no,no,73.0,35 ,NoRisk
0.503714139369162,185372,TIA,no,no,yes,no,no,73.0,40 ,NoRisk
0.298074322417655,173791,ASx,no,yes,yes,no,no,70.0,55,Unknown
0.71704624018622,293228,A-F,no,no,yes,no,no,75.0,25 ,NoRisk
0.313278575005211,234909,CVA,no,no,no,no,no,75.0,85 ,NoRisk
0.06554903490999099,242888,CVA,no,yes,yes,yes,no,75.0,50,Risk
0.76284660348091,152126,ASx,no,yes,yes,no,no,85.0,16 ,NoRisk
0.520559294864574,233922,A-F,no,no,yes,yes,no,90.0,100,Risk
0.955421106847727,252057,A-F,no,yes,no,no,no,80.0,100,Risk
0.10923131786181599,155704,TIA,no,no,yes,no,no,75.0,40 ,NoRisk
0.847533241754949,227626,A-F,no,no,no,no,no,75.0,100,Risk
0.055454375977181,207775,A-F,no,no,no,yes,no,90.0,95,Risk
0.12333532128544901,243789,A-F,no,yes,no,no,no,76.0,60 ,NoRisk
0.345950617340442,170005,TIA,no,no,no,no,no,70.0,45 ,NoRisk
0.40036625106225104,151345,TIA,no,no,yes,no,no,80.0,50 ,NoRisk
0.532572602253062,281708,ASx,no,no,no,no,no,78.0,35 ,NoRisk
0.309476917673237,115108,A-F,no,yes,yes,no,no,60.0,80 ,NoRisk
0.08304704043660299,261555,ASx,no,no,yes,no,no,85.0,79,Risk
0.7819168232349629,231753,A-F,no,no,no,no,no,80.0,25 ,NoRisk
0.218866407180125,252771,CVA,no,no,no,no,no,68.0,100 ,NoRisk
0.6558616346144549,142755,TIA,no,yes,no,no,no,70.0,50 ,NoRisk
0.71704624018622,166520,TIA,no,yes,no,no,no,70.0,50 ,NoRisk
0.9678735678494321,295551,ASx,no,no,yes,no,no,85.0,10 ,NoRisk
0.123557891794668,113364,A-F,no,no,no,no,no,70.0,10 ,NoRisk
0.8726561209788579,186632,ASx,no,yes,yes,yes,no,70.0,55,Risk
0.46017025999107597,86494,TIA,no,yes,yes,no,no,80.0,40 ,NoRisk
0.09249223172138302,258603,CVA,no,no,no,no,no,60.0,20 ,NoRisk
0.152273707215233,211638,CVA,no,yes,yes,yes,no,95.0,80,Risk
0.5582581768738111,291144,TIA,no,no,yes,no,no,73.0,30 ,NoRisk
0.9221277416090501,283381,A-F,no,no,no,no,no,95.0,20 ,NoRisk
0.927043802013648,269170,TIA,no,no,yes,no,no,75.0,75 ,NoRisk
0.9266498413800011,269655,A-F,no,no,yes,yes,no,95.0,85,Risk
0.438228399980514,181950,CVA,no,yes,yes,yes,no,90.0,100,Risk
0.014378262123913,220948,CVA,no,yes,yes,yes,no,90.0,90,Risk
0.7926271529452941,295220,A-F,no,yes,no,yes,no,70.0,100,Risk
0.5573276539531701,252733,A-F,no,yes,no,no,no,79.0,40 ,NoRisk
0.027813039959218997,159906,CVA,yes,no,yes,yes,no,95.0,75,Risk
0.765336569777769,115862,A-F,no,yes,yes,yes,no,80.0,35,Risk
0.9963867191344901,260466,ASx,no,yes,yes,yes,no,70.0,100,Risk
0.311893311794024,159924,CVA,no,yes,no,no,no,70.0,60 ,NoRisk
0.00976210222608,157056,TIA,no,yes,no,no,no,90.0,100,Risk
0.39213019599055,210861,A-F,,no,yes,no,no,80.0,40,NoRisk
0.453966779375674,277773,A-F,no,yes,no,no,no,70.0,45 ,NoRisk
0.934168476339445,85129,ASx,no,no,no,no,no,73.0,65 ,NoRisk
0.160043957804076,234588,CVA,no,yes,yes,yes,no,90.0,100,Risk
0.8998543760337808,200443,A-F,no,no,no,no,no,80.0,25 ,NoRisk
0.46642936747678204,139960,A-F,no,no,no,no,no,82.0,30 ,NoRisk
0.23333114127385898,254178,TIA,no,yes,no,no,no,60.0,60 ,NoRisk
0.173085701439895,167479,A-F,no,yes,yes,no,no,70.0,40 ,NoRisk
0.626474950561256,206914,A-F,no,no,no,no,no,75.0,55 ,NoRisk
0.46017025999107597,283846,CVA,no,no,yes,yes,no,95.0,100,Unknown
0.987214518866978,282536,CVA,no,no,yes,no,no,70.0,20 ,NoRisk
0.42231050813871707,115370,A-F,no,yes,yes,no,no,70.0,40 ,NoRisk
0.5703021051962149,95432,TIA,no,yes,yes,yes,no,90.0,100,Risk
0.5212798963382029,154386,CVA,no,no,yes,no,no,60.0,60 ,NoRisk
0.9083020489538409,167578,A-F,no,yes,no,yes,no,80.0,30,Risk
0.36267823540503497,275532,TIA,no,yes,yes,no,no,65.0,15 ,NoRisk
0.64247947065946,213288,TIA,no,no,no,no,no,75.0,50 ,NoRisk
0.193085377587142,83445,A-F,no,no,no,no,no,90.0,30 ,NoRisk
0.70850921816408,171066,CVA,no,yes,yes,yes,no,80.0,50,Risk
0.9471309004307209,280575,CVA,no,yes,no,no,no,80.0,30 ,NoRisk
0.20774256110714998,115430,TIA,no,no,no,no,no,60.0,20 ,NoRisk
0.7492687193141279,151797,A-F,no,no,yes,no,no,78.0,20 ,NoRisk
0.6989446784515401,200118,TIA,no,yes,no,no,no,80.0,20 ,NoRisk
0.626474950561256,85750,CVA,no,no,no,no,no,68.0,60 ,NoRisk
0.8764031853259179,230922,TIA,no,no,yes,no,no,73.0,40 ,NoRisk
0.8780748453584699,245182,A-F,no,yes,no,no,no,70.0,80 ,NoRisk
0.6149760846224029,79653,CVA,no,yes,no,no,no,85.0,75 ,NoRisk
0.717395690492817,80644,CVA,no,no,no,no,no,75.0,85 ,NoRisk
0.703660618941635,188059,TIA,no,no,yes,no,no,75.0,40 ,NoRisk
0.522005269440458,177625,CVA,no,no,no,no,no,90.0,30 ,NoRisk
0.317141127702463,291183,CVA,no,no,yes,no,no,70.0,20 ,NoRisk
0.13411331743756,94351,A-F,no,yes,no,no,no,78.0,10 ,NoRisk
0.70850921816408,272206,CVA,no,no,no,no,no,75.0,100 ,NoRisk
0.978214602565516,118678,CVA,no,yes,yes,yes,no,90.0,100,Risk
0.683288501643474,264303,A-F,no,no,yes,yes,no,90.0,30,Risk
0.6634030802411851,282438,TIA,no,no,no,no,no,85.0,75 ,NoRisk
0.6989446784515401,292632,TIA,no,no,no,no,no,70.0,70 ,NoRisk
0.06813605115242401,126914,ASx,no,no,yes,no,no,75.0,100,Risk
0.060454558129662994,194064,A-F,no,yes,yes,no,no,85.0,50,Risk
0.588418164339409,246825,ASx,no,no,yes,no,no,90.0,80,Risk
0.40187518876929207,234328,A-F,no,yes,yes,no,no,70.0,50 ,NoRisk
0.6853975756527451,243404,CVA,no,no,yes,no,no,68.0,20 ,NoRisk
0.44377788634759796,291302,A-F,no,no,no,no,no,75.0,30 ,NoRisk
0.467964358323794,177938,A-F,no,no,no,no,no,75.0,75 ,NoRisk
0.445297545601644,199246,ASx,no,yes,yes,yes,no,90.0,100,Risk
0.32237636977920303,252146,A-F,no,no,yes,yes,no,60.0,100,Risk
0.246924697395718,102313,TIA,no,no,no,no,no,71.0,30 ,NoRisk
0.395038534912185,218793,A-F,no,yes,yes,yes,no,95.0,85,Risk
0.8243323100809941,100491,A-F,no,yes,no,yes,no,99.0,100,Risk
0.9822586300322841,206156,TIA,no,no,yes,no,no,70.0,100 ,NoRisk
0.9876548055435179,229278,CVA,no,yes,yes,no,no,76.0,50 ,NoRisk
0.771777203064748,173200,TIA,no,no,no,no,no,75.0,75 ,NoRisk
0.29097455030925395,178494,A-F,no,yes,yes,no,no,80.0,35,Risk
0.8764031853259179,274387,CVA,no,yes,yes,yes,no,90.0,100,Risk
0.26724667624179105,251719,CVA,no,yes,yes,yes,no,80.0,70,Risk
0.6366291810647321,218810,ASx,no,yes,yes,yes,no,70.0,55,Risk
0.642486363642859,81921,A-F,no,yes,yes,yes,no,90.0,95,Risk
0.7810236116642528,146511,CVA,no,no,yes,yes,no,95.0,100,Risk
0.274232171816703,121575,TIA,no,yes,yes,no,no,95.0,100,Risk
0.6149760846224029,241653,TIA,yes,no,no,no,yes,90.0,50,Risk
0.43003769326730795,177847,TIA,no,no,yes,no,yes,60.0,100 ,NoRisk
0.11113282560926199,218139,CVA,no,no,no,no,no,75.0,60 ,NoRisk
0.294014347705243,163970,CVA,no,no,no,no,no,95.0,85 ,NoRisk
0.445297545601644,210220,A-F,yes,yes,yes,yes,no,95.0,100,Risk
0.325579872594303,206570,A-F,no,no,yes,no,no,78.0,20 ,NoRisk
0.36836702113719205,110322,A-F,no,yes,yes,no,no,81.0,20 ,NoRisk
0.580921289443027,294555,ASx,no,no,yes,no,no,70.0,60 ,NoRisk
0.22943716042295395,214264,ASx,no,no,no,no,no,75.0,65 ,NoRisk
0.03947722174952999,212431,CVA,no,yes,yes,yes,no,70.0,100,Risk
0.963442623976648,170269,A-F,no,no,no,no,no,70.0,20 ,NoRisk
0.37232463599863597,233750,CVA,no,yes,no,no,no,73.0,80 ,NoRisk
0.652531935495802,207836,A-F,yes,yes,yes,no,no,90.0,60,Risk
0.948792997478462,206600,TIA,no,no,no,no,no,55.0,35 ,NoRisk
0.635805833996733,150466,A-F,no,no,no,no,no,78.0,30 ,NoRisk
0.790389184880655,291883,A-F,no,no,no,no,no,95.0,20 ,NoRisk
0.387445485353603,171648,ASx,no,no,no,yes,no,90.0,100,Risk
0.707950301979222,289096,A-F,no,no,,no,no,78.0,30,NoRisk
0.280367482709407,228958,TIA,no,yes,no,no,no,80.0,50 ,NoRisk
0.27503455821431105,93079,A-F,no,yes,no,no,no,75.0,60 ,NoRisk
0.43003769326730795,205172,TIA,no,yes,yes,no,no,75.0,50 ,NoRisk
0.37232463599863597,263205,TIA,no,yes,no,no,no,78.0,30 ,NoRisk
0.201062180170471,89850,TIA,no,no,no,no,no,51.0,51 ,NoRisk
0.19784994843194897,217244,A-F,no,yes,no,no,no,76.0,50 ,NoRisk
0.424081008091154,292024,ASx,no,no,no,yes,no,90.0,100,Risk
0.790389184880655,78484,CVA,no,yes,no,no,no,85.0,75 ,NoRisk
0.7143654137224791,258637,TIA,no,yes,no,no,no,78.0,60 ,NoRisk
0.24319603003662998,254016,A-F,no,no,yes,yes,no,95.0,100,Risk
0.844552197919395,241848,TIA,no,yes,no,no,no,90.0,100,Risk
0.9609783419250659,101792,ASx,no,no,no,yes,no,95.0,95,Risk
0.22943716042295395,215232,TIA,no,no,yes,no,no,78.0,30 ,NoRisk
0.089875929988709,175986,TIA,no,no,yes,no,no,70.0,60 ,NoRisk
0.196471928909604,173263,ASx,no,no,yes,no,no,70.0,60 ,NoRisk
0.19784994843194897,280886,CVA,no,no,no,no,no,70.0,40 ,NoRisk
0.652531935495802,138810,A-F,no,no,no,yes,no,95.0,100,Risk
0.026466089581153998,222474,CVA,no,yes,yes,yes,no,70.0,100,Risk
0.879068785824362,228178,A-F,no,no,no,yes,no,95.0,95,Risk
0.524358273200155,200647,TIA,no,no,no,no,no,85.0,73 ,NoRisk
0.105707290332444,159834,A-F,yes,yes,yes,yes,no,90.0,100,Risk
0.444904868806808,112532,A-F,no,yes,no,yes,no,99.0,100,Risk
0.435405499199332,246007,A-F,no,yes,no,no,no,80.0,100,Risk
0.089875929988709,97160,CVA,no,no,no,no,no,68.0,40 ,NoRisk
0.786776810252459,232768,TIA,no,no,no,no,no,79.0,73 ,NoRisk
0.515699940493436,179887,A-F,no,no,yes,no,no,75.0,15 ,NoRisk
0.8683252884252991,272112,TIA,no,no,no,no,no,68.0,20 ,NoRisk
0.026466089581153998,115285,A-F,no,yes,yes,no,no,80.0,10 ,NoRisk
0.424081008091154,93340,A-F,no,yes,no,no,no,76.0,65 ,NoRisk
0.28387163562316303,227779,A-F,no,no,no,no,no,,100,Risk
0.7211557853091569,186536,TIA,no,no,no,no,no,73.0,30 ,NoRisk
0.88700131127725,277750,A-F,no,no,no,no,no,82.0,30 ,NoRisk
0.7390606738550921,257646,A-F,no,no,no,no,no,95.0,20 ,NoRisk
0.37372281318227396,277476,A-F,no,no,yes,no,no,78.0,20 ,NoRisk
0.42797733943456107,97920,ASx,no,no,no,no,no,80.0,10 ,NoRisk
0.515699940493436,182847,CVA,no,yes,no,yes,no,95.0,100,Risk
0.5512595181771179,92835,CVA,no,no,no,no,no,73.0,20 ,NoRisk
0.276560393079767,138243,A-F,no,yes,yes,no,no,95.0,80,Risk
0.10651664988569001,101168,CVA,no,no,no,no,no,50.0,50 ,NoRisk
0.28387163562316303,229240,CVA,no,no,yes,yes,no,95.0,100,Risk
0.879068785824362,173608,A-F,no,no,no,no,no,90.0,65 ,NoRisk
0.6802235063906279,154312,ASx,no,no,no,no,no,75.0,10 ,NoRisk
0.5872066518440721,91034,ASx,no,yes,yes,no,no,95.0,10,Risk
0.37372281318227396,264150,TIA,no,no,no,no,no,70.0,30 ,NoRisk
0.785174714810245,141004,TIA,no,yes,yes,no,no,80.0,60 ,NoRisk
0.959368331381779,213420,A-F,no,no,no,no,no,90.0,50 ,NoRisk
0.674643310602876,79338,TIA,no,no,yes,no,no,85.0,30 ,NoRisk
0.276560393079767,202165,TIA,no,yes,no,no,no,60.0,60 ,NoRisk
0.8683252884252991,282658,A-F,no,no,yes,yes,no,75.0,100,Risk
0.874821828552103,205329,A-F,no,yes,yes,no,no,90.0,70,Risk
0.9748883559900859,200484,CVA,no,no,no,no,no,70.0,40 ,NoRisk
0.06660348538048,202357,TIA,no,no,no,no,no,75.0,75 ,NoRisk
0.739391080481646,248919,CVA,no,no,no,no,no,75.0,60 ,NoRisk
0.47334674170092605,198663,CVA,yes,yes,yes,yes,no,90.0,100,Risk
0.043597330388974995,224073,CVA,no,yes,yes,yes,no,75.0,50,Risk
0.8758358576254409,192308,A-F,no,yes,yes,no,no,75.0,30,Risk
0.6783990721879101,151143,CVA,no,yes,no,no,no,73.0,80 ,NoRisk
0.45070460188770795,248281,CVA,no,no,no,no,no,70.0,25 ,NoRisk
0.34507797914784805,140007,A-F,no,yes,yes,no,no,95.0,80,Risk
0.44245724030783795,256508,CVA,no,no,yes,yes,no,95.0,100,Risk
0.607568639304344,207888,A-F,no,no,yes,no,no,78.0,20 ,NoRisk
0.469448878457901,112636,ASx,no,yes,yes,no,no,75.0,75,Risk
0.80723956780175,160089,ASx,no,no,no,no,no,80.0,20 ,NoRisk
0.049761886728079005,229160,CVA,no,yes,yes,no,no,80.0,20 ,NoRisk
0.11689525837196901,269252,CVA,no,no,no,no,no,80.0,20 ,NoRisk
0.35632755722045206,78660,TIA,no,yes,no,no,no,80.0,20 ,NoRisk
0.126234123056656,232914,CVA,no,yes,yes,yes,no,80.0,50,Risk
0.16459139818175197,209890,TIA,no,yes,yes,no,no,76.0,60 ,NoRisk
0.11610196719541699,262041,CVA,no,no,no,no,no,70.0,70 ,NoRisk
0.414576676845026,230444,TIA,no,yes,no,no,no,78.0,60 ,NoRisk
0.7988158799899631,179592,A-F,no,yes,no,no,no,70.0,70 ,NoRisk
0.35632755722045206,169783,A-F,no,yes,no,no,no,70.0,45 ,NoRisk
0.688514157030759,102514,A-F,no,yes,no,no,no,73.0,10 ,NoRisk
0.716927248670579,115852,ASx,no,yes,no,no,no,81.0,80 ,NoRisk
0.06660348538048,150640,TIA,no,no,yes,no,no,78.0,50 ,NoRisk
0.414576676845026,196364,TIA,no,no,no,no,no,79.0,73 ,NoRisk
0.261402917960846,288988,ASx,no,no,no,no,no,95.0,20 ,NoRisk
0.126140670023195,259698,CVA,yes,yes,yes,no,no,70.0,20 ,NoRisk
0.7143713399463829,107391,A-F,no,no,no,yes,no,95.0,100,Risk
0.716927248670579,180204,CVA,no,no,no,no,no,75.0,60 ,NoRisk
0.73373822160186,168921,TIA,no,no,no,no,no,70.0,55 ,NoRisk
0.39178201122543,185354,CVA,no,yes,no,no,no,85.0,50 ,NoRisk
0.131825122933521,101847,CVA,no,yes,yes,no,no,75.0,50 ,NoRisk
0.126140670023195,115776,A-F,no,no,yes,no,no,76.0,50 ,NoRisk
0.23582844844796103,273001,ASx,no,yes,no,no,no,76.0,50 ,NoRisk
0.856035239318561,272149,A-F,no,yes,yes,no,no,65.0,60 ,NoRisk
0.722442988428596,172798,CVA,no,yes,no,yes,no,76.0,30 ,NoRisk
0.39178201122543,271100,A-F,no,yes,no,no,no,76.0,50 ,NoRisk
0.07122166059282099,277622,CVA,no,no,yes,yes,no,95.0,100,Risk
0.454054647088242,211646,A-F,no,yes,yes,yes,no,80.0,50,Risk
0.29770456571744197,119708,CVA,no,yes,yes,yes,no,95.0,80,Risk
0.09675280877295,142587,TIA,no,yes,yes,no,no,85.0,60 ,NoRisk
0.38585522109044107,87944,CVA,no,yes,yes,no,no,80.0,20 ,NoRisk
0.8910132753364121,280380,TIA,no,yes,no,no,no,69.0,20 ,NoRisk
0.5090865077811221,253036,A-F,no,yes,yes,yes,no,90.0,50,Risk
0.626770065359477,269882,CVA,no,no,no,no,no,68.0,20 ,NoRisk
0.6595359897129269,232850,TIA,yes,no,yes,no,no,60.0,75,Risk
0.061611148636979,254686,ASx,no,no,no,no,no,95.0,10 ,NoRisk
0.593796750982187,159604,CVA,no,no,no,no,no,75.0,20 ,NoRisk
0.8910132753364121,193366,ASx,no,yes,no,no,no,73.0,20 ,NoRisk
0.783546853482697,171351,A-F,no,no,no,no,no,70.0,30 ,NoRisk
0.8219465847978459,208053,A-F,no,yes,no,no,no,76.0,70 ,NoRisk
0.414576676845026,173318,ASx,no,no,no,no,no,85.0,85 ,NoRisk
0.061611148636979,276501,ASx,no,yes,no,no,no,76.0,30 ,NoRisk
0.28267210482166805,116716,A-F,no,no,no,no,no,75.0,40 ,NoRisk
0.8536724829432679,272049,A-F,no,yes,no,no,no,79.0,40 ,NoRisk
0.651395497938329,233870,TIA,no,no,no,no,no,51.0,51 ,NoRisk
0.8219465847978459,175354,A-F,no,no,no,no,no,80.0,20 ,NoRisk
0.353706800217024,278487,ASx,no,no,no,no,no,95.0,10 ,NoRisk
0.46054211633409603,228766,CVA,no,yes,no,no,no,73.0,80 ,NoRisk
0.7067201151010831,164126,A-F,no,no,no,no,no,74.0,50 ,NoRisk
0.8536724829432679,249276,A-F,no,yes,no,yes,no,90.0,100,Risk
0.16459139818175197,185157,CVA,no,no,no,no,no,70.0,70 ,NoRisk
0.331750058816603,101242,CVA,no,no,no,no,no,90.0,30 ,NoRisk
0.198733335825772,269138,A-F,no,yes,no,no,no,99.0,60,Risk
0.46054211633409603,109200,CVA,no,yes,yes,yes,no,80.0,50,Risk
0.34365338011757596,258163,TIA,no,no,no,no,no,75.0,30 ,NoRisk
0.939261990926038,244286,A-F,no,yes,no,no,no,85.0,60 ,NoRisk
0.088673787527836,103898,TIA,no,no,no,no,no,70.0,60 ,NoRisk
0.9202315584077041,286861,TIA,no,no,yes,no,no,75.0,20 ,NoRisk
0.527002235931601,211956,TIA,no,yes,no,no,no,75.0,60 ,NoRisk
0.260689072025901,281126,CVA,no,no,yes,no,no,82.0,40 ,NoRisk
0.9868089972011909,88262,ASx,no,no,no,no,no,70.0,30 ,NoRisk
0.215572012835383,214982,CVA,no,no,no,no,no,75.0,85 ,NoRisk
0.651395497938329,84421,A-F,no,yes,no,no,no,70.0,40 ,NoRisk
0.436192842335718,84520,TIA,no,no,no,no,no,75.0,30 ,NoRisk
0.443066759701192,108364,CVA,no,yes,no,no,no,73.0,30 ,NoRisk
0.7641752385025871,187687,A-F,no,yes,yes,no,no,85.0,20 ,NoRisk
0.363974901250852,184114,A-F,no,no,no,no,no,70.0,20 ,NoRisk
0.380424018278494,172419,A-F,no,yes,no,no,no,76.0,60 ,NoRisk
0.86457739247815,107689,CVA,no,yes,no,no,no,73.0,30 ,NoRisk
0.436192842335718,222662,ASx,no,yes,yes,yes,no,70.0,55,Risk
0.240437943934349,141636,TIA,no,no,no,no,no,70.0,70 ,NoRisk
0.17573795464882097,161372,A-F,no,no,yes,yes,no,75.0,100,Risk
0.275659313544229,162964,CVA,no,yes,no,no,no,85.0,75 ,NoRisk
0.380424018278494,94472,A-F,no,no,no,no,no,78.0,30 ,NoRisk
0.30806760865553995,154951,TIA,no,yes,yes,yes,no,75.0,50,Risk
0.612664473844204,184208,A-F,no,yes,yes,no,no,95.0,40,Risk
0.20870554993246399,85413,ASx,no,no,no,no,no,78.0,35 ,NoRisk
0.17573795464882097,79594,TIA,no,no,yes,no,no,78.0,50 ,NoRisk
0.06630964548353,233914,CVA,no,yes,yes,yes,no,90.0,100,Risk
0.9050875274682181,277148,ASx,no,yes,yes,yes,no,90.0,100,Risk
0.18823989531906302,97711,A-F,no,yes,no,yes,no,95.0,100,Risk
0.612664473844204,97010,A-F,no,no,no,yes,no,95.0,95,Risk
0.166833213969017,232893,Asx,no,yes,yes,yes,no,80.0,50,Risk
0.528917065673345,274706,CVA,no,no,no,no,no,75.0,90 ,NoRisk
0.955914535818027,208350,TIA,no,no,no,no,no,75.0,30 ,NoRisk
0.9050875274682181,79760,CVA,no,no,no,no,no,99.0,30 ,NoRisk
0.9414606713973391,255182,A-F,no,yes,no,no,no,70.0,80 ,NoRisk
0.48269247013290995,171512,CVA,no,yes,yes,no,no,76.0,40 ,NoRisk
0.328635074381073,228860,CVA,no,no,no,no,no,68.0,40 ,NoRisk
0.528917065673345,84366,A-F,no,yes,no,no,no,70.0,80 ,NoRisk
0.49208688110242205,259185,A-F,no,no,no,yes,no,95.0,95,Risk
0.5601292986989069,152854,A-F,no,yes,no,no,no,85.0,60 ,NoRisk
0.638539588356454,232821,TIA,no,no,yes,no,no,85.0,30 ,NoRisk
0.48269247013290995,183135,A-F,no,yes,yes,no,no,81.0,10 ,NoRisk
0.233499842065772,241957,TIA,yes,no,yes,yes,no,90.0,100,Risk
0.5153469729322651,168871,CVA,no,yes,yes,yes,no,80.0,50,Risk
0.521557218608492,99398,CVA,no,yes,yes,no,no,85.0,15 ,NoRisk
0.5601292986989069,280227,TIA,no,no,no,no,no,75.0,30 ,NoRisk
0.072911756185145,277784,A-F,no,yes,yes,yes,no,95.0,85,Risk
0.243518014676417,146415,CVA,no,yes,yes,yes,no,,100,Risk
0.269570474984915,145249,Asx,no,yes,yes,yes,no,75.0,100,Risk
0.5153469729322651,204456,CVA,no,yes,yes,yes,no,85.0,100,Risk
0.45453677297327794,157366,A-F,no,yes,yes,yes,no,70.0,100,Risk
0.37291848138150296,260364,A-F,no,yes,no,no,no,80.0,20 ,NoRisk
0.6483446375257271,142678,A-F,no,yes,no,no,no,76.0,60 ,NoRisk
0.243518014676417,171260,ASx,no,no,yes,no,no,85.0,10 ,NoRisk
0.331750058816603,228283,CVA,no,no,yes,yes,no,95.0,100,Risk
0.8034145252111771,83322,TIA,yes,no,yes,no,no,97.0,70,Risk
0.245397540563667,192129,A-F,no,yes,no,no,no,76.0,65 ,NoRisk
0.837756858115909,277934,A-F,no,no,no,yes,no,95.0,100,Risk
0.215572012835383,288474,ASx,no,no,no,no,no,80.0,20 ,NoRisk
0.559183492973359,200556,A-F,no,yes,no,no,no,76.0,60 ,NoRisk
0.34486800810820506,285764,ASx,no,no,no,no,no,75.0,65 ,NoRisk
0.8034145252111771,281100,ASx,no,yes,no,no,no,73.0,20 ,NoRisk
0.849829969159308,270465,CVA,no,yes,no,no,no,85.0,50 ,NoRisk
0.10786754468091901,272145,TIA,no,no,no,no,yes,75.0,100 ,NoRisk
0.9544264439933761,219660,CVA,no,yes,no,no,no,90.0,20 ,NoRisk
0.559183492973359,234597,CVA,no,yes,no,no,yes,76.0,50 ,NoRisk
0.436192842335718,259203,CVA,no,no,no,no,no,75.0,20 ,NoRisk
0.23336647506163602,86040,ASx,no,yes,no,no,no,73.0,20 ,NoRisk
0.322002499341768,272826,CVA,no,yes,yes,yes,no,90.0,100,Risk
0.10786754468091901,257689,ASx,no,yes,yes,yes,no,90.0,100,Risk
0.6483446375257271,289651,A-F,no,no,yes,no,no,75.0,25 ,NoRisk
0.11119886331005902,274798,A-F,no,no,no,no,no,90.0,30 ,NoRisk
0.166346643915572,130110,ASx,no,no,yes,yes,no,97.0,95,Risk
0.9251155025947749,233661,ASx,no,no,no,no,no,95.0,15 ,NoRisk
0.576546428196701,164132,A-F,no,no,no,no,no,75.0,40 ,NoRisk
0.888110530958945,90582,TIA,no,no,no,no,no,85.0,75 ,NoRisk
0.132373748063458,99571,A-F,no,yes,no,no,no,76.0,65 ,NoRisk
0.984121127477652,263491,TIA,no,no,no,no,no,68.0,51 ,NoRisk
0.566935387735542,104810,CVA,no,no,no,no,no,95.0,30 ,NoRisk
0.24364535162755802,196483,CVA,no,no,yes,yes,,95.0,100,Risk
0.196800567612238,212581,TIA,no,no,no,no,no,99.0,60 ,NoRisk
0.9771690672545509,159133,TIA,no,yes,no,no,no,75.0,85 ,NoRisk
0.533471547810773,98796,TIA,no,yes,no,no,no,68.0,20 ,NoRisk
0.08327610310495501,218007,TIA,no,no,no,no,no,99.0,60 ,NoRisk
0.551002220996853,252667,CVA,no,yes,yes,yes,no,90.0,100,Risk
0.534298678852573,252338,TIA,no,yes,yes,no,no,81.0,30 ,NoRisk
0.268883720380737,283064,A-F,no,yes,no,no,no,80.0,50 ,NoRisk
0.154495334788707,159658,ASx,no,no,no,no,no,78.0,35 ,NoRisk
0.7900775890635091,241443,Asx,no,yes,yes,yes,no,80.0,53,Risk
0.36373217336763203,141374,CVA,no,no,yes,yes,no,80.0,100,Risk
0.26158784090786497,209624,CVA,no,yes,yes,no,no,70.0,100,Risk
0.642257417925465,210321,TIA,no,yes,yes,no,no,80.0,60 ,NoRisk
0.37291848138150296,164601,CVA,no,yes,no,no,no,73.0,70 ,NoRisk
0.834707551001733,160394,A-F,no,no,no,no,no,70.0,20 ,NoRisk
0.36799886985500296,202594,TIA,no,no,no,no,no,73.0,30 ,NoRisk
0.662933556354067,218248,ASx,no,yes,yes,no,no,55.0,85 ,NoRisk
0.8034145252111771,261144,A-F,no,no,no,no,no,80.0,25 ,NoRisk
0.662933556354067,166220,TIA,no,no,yes,no,no,73.0,40 ,NoRisk
0.28063188137686995,82064,CVA,no,yes,no,no,no,85.0,40 ,NoRisk
0.10021610400911302,113317,A-F,yes,yes,yes,yes,no,95.0,100,Risk
0.7836236481476541,137775,CVA,no,no,no,yes,no,95.0,100,Risk
0.10021610400911302,210510,TIA,no,no,no,no,no,50.0,90 ,NoRisk
0.155176503530561,197794,TIA,no,no,yes,no,no,90.0,85,Risk
0.47704930070479706,286810,A-F,no,yes,yes,no,no,95.0,80,Risk
0.33969029261711603,140960,TIA,no,yes,no,no,no,81.0,20 ,NoRisk
0.31537007253973404,189391,CVA,no,yes,yes,no,no,80.0,20 ,NoRisk
0.327387409225025,254364,TIA,no,no,no,no,no,99.0,60 ,NoRisk
0.75693824853037,190671,CVA,no,yes,yes,no,no,76.0,50,
0.718790805279205,174240,A-F,no,no,no,no,no,90.0,50 ,NoRisk
0.75693824853037,91108,CVA,no,no,yes,no,no,75.0,60 ,NoRisk
0.5103220020384179,294235,TIA,no,no,yes,no,no,82.0,40 ,NoRisk
0.811850732008073,79854,CVA,no,no,no,no,no,75.0,85 ,NoRisk
0.09042523073579802,151867,TIA,no,yes,no,no,no,70.0,50 ,NoRisk
0.811850732008073,279759,TIA,no,yes,yes,no,no,80.0,60 ,NoRisk
0.891160880739341,242433,ASx,no,no,yes,no,no,90.0,80,Risk
0.21175951311279897,167352,CVA,yes,yes,yes,yes,no,90.0,100,Risk
0.220991971593627,254314,ASx,no,no,no,no,no,80.0,20 ,NoRisk
0.21175951311279897,205845,,no,yes,no,no,no,80.0,100,Risk
0.9645394835485941,275654,A-F,no,yes,no,no,no,79.0,40 ,NoRisk
0.9038936968927019,191582,CVA,no,no,no,yes,yes,99.0,100,Risk
0.263980044647026,211723,TIA,no,no,no,no,no,75.0,30 ,NoRisk
0.9038936968927019,195205,ASx,no,no,no,no,no,70.0,20 ,NoRisk
0.018623643553599,204686,A-F,no,no,no,no,no,80.0,80 ,NoRisk
0.912856532782167,124298,A-F,no,no,yes,no,no,95.0,80,Risk
0.948044856772502,276075,A-F,no,no,yes,yes,no,75.0,100,Risk
0.912856532782167,199248,A-F,no,yes,no,no,no,78.0,10 ,NoRisk
0.559183492973359,176121,TIA,no,no,no,no,no,51.0,51 ,NoRisk
0.42897554183741204,97988,CVA,no,yes,yes,yes,no,90.0,100,Risk
0.6303987052583101,247476,TIA,no,no,yes,no,no,74.0,20 ,NoRisk
0.42897554183741204,157582,ASx,no,yes,no,no,no,73.0,20 ,NoRisk
0.34644762627774395,273188,CVA,no,no,yes,no,no,77.0,20 ,NoRisk
0.373055117380805,204240,CVA,no,yes,yes,no,no,85.0,70,Risk
0.285092676558118,216484,TIA,no,no,yes,no,no,90.0,85,Risk
0.373055117380805,294645,A-F,no,no,no,no,no,95.0,20 ,NoRisk
0.064607125505402,264294,ASx,no,no,yes,no,no,90.0,80,Risk
0.9931788221801371,98553,ASx,no,no,no,no,no,95.0,20 ,NoRisk
0.200029027539737,85917,TIA,no,yes,no,no,no,80.0,51 ,NoRisk
0.08375662343901401,244797,CVA,no,yes,no,no,no,73.0,30 ,NoRisk
0.554038869545643,157060,TIA,no,no,no,no,no,75.0,75 ,NoRisk
0.294456241616287,281124,Asx,yes,yes,yes,no,no,75.0,100,Risk
0.920096331694192,104176,CVA,no,no,no,no,no,,20,NoRisk
0.845027612946718,278672,TIA,no,no,yes,no,no,78.0,30 ,NoRisk
0.952699394597043,149256,A-F,no,yes,yes,no,no,95.0,35,Risk
0.320810316112335,174229,CVA,no,no,no,yes,yes,99.0,100,Risk
0.21579178534852603,152564,ASx,no,yes,yes,yes,no,70.0,100,Risk
0.320810316112335,185582,TIA,no,no,yes,no,no,75.0,20 ,NoRisk
0.529577884617936,260870,A-F,no,no,yes,no,no,80.0,62,Risk
0.39157559846110096,193777,TIA,yes,no,yes,no,no,90.0,100,Risk
0.18796295156125895,163574,ASx,no,no,no,no,no,95.0,20 ,NoRisk
0.868654888260404,104779,CVA,no,no,yes,no,no,70.0,20 ,NoRisk
0.8197975460674221,114757,TIA,no,no,no,no,yes,75.0,100 ,NoRisk
0.8204691247047231,234763,A-F,no,no,yes,yes,no,90.0,100,Risk
0.618570037863585,273238,TIA,no,yes,no,no,no,70.0,30 ,NoRisk
0.3267827631139831,250770,A-F,no,no,no,no,no,75.0,40 ,NoRisk
0.45642547189047905,108354,TIA,no,yes,no,no,no,90.0,100,Risk
0.107019122453824,186774,A-F,no,no,no,no,no,80.0,80 ,NoRisk
0.7852785392342049,216196,TIA,no,no,yes,yes,no,80.0,100 ,NoRisk
0.5358132452366919,82455,TIA,no,no,yes,no,no,76.0,20 ,NoRisk
0.262150215910912,161838,TIA,no,yes,no,no,no,70.0,50 ,NoRisk
0.81081210967729,157398,TIA,no,yes,no,no,no,60.0,60 ,NoRisk
0.0053124706287609996,206371,TIA,no,yes,yes,yes,no,75.0,50,Risk
0.9821660653746049,165918,TIA,no,yes,yes,no,no,65.0,15 ,NoRisk
0.328586420127343,240330,TIA,no,yes,no,no,no,90.0,100,Risk
0.420363812417206,221445,CVA,no,yes,no,no,no,70.0,70 ,NoRisk
0.32846788539993105,86600,A-F,no,yes,no,no,no,70.0,45 ,NoRisk
0.8889074969440021,208140,CVA,no,yes,yes,yes,no,70.0,100,Risk
0.31537007253973404,82032,ASx,no,yes,no,no,no,81.0,50 ,NoRisk
0.43082231407039395,80754,ASx,no,no,no,no,no,85.0,85 ,NoRisk
0.34786527043312,158901,A-F,no,yes,yes,no,no,70.0,40 ,NoRisk
0.7396785377024259,205530,TIA,no,yes,no,no,no,82.0,30 ,NoRisk
0.75693824853037,228121,CVA,no,no,yes,yes,no,80.0,80,Risk
0.8345237409430699,151286,CVA,no,no,yes,no,no,70.0,20 ,NoRisk
0.912856532782167,78699,TIA,no,yes,no,no,no,70.0,50 ,NoRisk
0.504211359664599,232982,A-F,no,yes,no,no,no,70.0,40 ,NoRisk
0.187427869921453,288128,TIA,no,no,no,no,no,73.0,30 ,NoRisk
0.9380714224797991,231974,CVA,no,no,yes,no,no,75.0,20 ,NoRisk
0.583151762193019,214615,A-F,no,yes,no,yes,no,95.0,100,Risk
0.540827707817906,147730,ASx,no,yes,yes,no,no,75.0,95,Risk
0.763363637026551,188400,A-F,no,no,no,no,no,80.0,100,Risk
0.32518507127249896,173996,TIA,no,no,yes,no,no,68.0,25 ,NoRisk
0.312661922309601,261418,CVA,yes,yes,yes,no,no,70.0,20 ,NoRisk
0.19978047131532004,186030,A-F,no,no,yes,no,no,80.0,40 ,NoRisk
0.22138994511293603,128811,ASx,no,yes,yes,yes,no,70.0,55,Risk
0.846201784524122,108949,TIA,no,no,no,no,no,60.0,20 ,NoRisk
0.505032614028618,97243,TIA,no,no,no,no,no,70.0,30 ,NoRisk
0.5291797288275379,287793,TIA,no,no,no,no,no,70.0,30 ,NoRisk
0.621194587314956,194697,TIA,no,no,no,no,no,68.0,30 ,NoRisk
0.538917645468031,111532,CVA,no,yes,yes,yes,no,90.0,100,Risk
0.17135945784510598,216372,ASx,no,yes,no,no,no,81.0,80 ,NoRisk
0.8808506246086221,124155,CVA,no,yes,yes,yes,no,90.0,90,Risk
0.21083611716307601,200392,CVA,no,no,yes,no,no,82.0,40 ,NoRisk
0.6305897228257429,222622,ASx,no,no,yes,yes,no,95.0,100,Risk
0.959490317782235,116532,TIA,no,no,yes,no,no,75.0,70 ,NoRisk
0.645482745702576,152809,A-F,no,no,no,no,no,70.0,20 ,NoRisk
0.7253667520385408,81337,CVA,no,no,no,no,no,70.0,90 ,NoRisk
0.273538108136918,107630,TIA,no,yes,no,no,no,70.0,50 ,NoRisk
0.16797626034619198,218816,ASx,no,no,no,no,no,73.0,50 ,NoRisk
0.29191443929520505,104420,A-F,no,yes,yes,yes,no,80.0,50,Risk
0.005622169100448001,175438,CVA,no,no,no,no,no,68.0,40 ,NoRisk
0.225116083790756,208310,CVA,no,no,no,no,no,75.0,60 ,NoRisk
0.35314116516098604,104336,ASx,no,no,no,no,no,75.0,10 ,NoRisk
0.915122854041335,179906,Asx,yes,yes,yes,no,no,75.0,100,Risk
0.08375662343901401,174015,CVA,no,yes,yes,yes,no,90.0,30,Risk
0.728844162582475,93574,TIA,no,no,no,no,no,75.0,20 ,NoRisk
0.7739063573268059,287917,TIA,yes,no,yes,no,no,60.0,75,Risk
0.537890182628493,166320,Asx,no,yes,yes,yes,no,80.0,53,Risk
0.845027612946718,195582,Asx,yes,yes,yes,no,no,75.0,100,Risk
0.537890182628493,204204,A-F,no,yes,no,no,no,79.0,40 ,NoRisk
0.5358132452366919,264502,CVA,no,yes,no,no,no,50.0,30 ,NoRisk
0.004501138454437999,223035,A-F,no,no,no,no,no,80.0,25 ,NoRisk
0.04967477812855099,131587,A-F,no,yes,yes,no,no,85.0,75,Risk
0.004501138454437999,281679,A-F,no,no,no,no,no,,50,NoRisk
0.334839508176805,232905,CVA,no,no,yes,no,no,70.0,20 ,NoRisk
0.43047406919787295,247226,A-F,no,no,yes,no,no,80.0,40 ,NoRisk
0.030718274066942997,210585,TIA,no,yes,no,no,no,70.0,50 ,NoRisk
0.43047406919787295,163449,CVA,no,no,no,no,no,75.0,100 ,NoRisk
0.027246205742181,175912,CVA,no,no,yes,no,no,70.0,50 ,NoRisk
0.580545379254067,92262,A-F,no,yes,yes,no,no,90.0,50,Risk
0.6750841815598171,247480,A-F,no,yes,no,no,no,79.0,40 ,NoRisk
0.580545379254067,281870,A-F,no,no,no,yes,no,75.0,100,Risk
0.7396785377024259,173059,CVA,no,no,yes,no,no,50.0,40 ,NoRisk
0.164176551696922,223102,ASx,no,yes,yes,yes,no,90.0,90,Risk
0.060804930215461,152268,CVA,no,no,yes,no,no,75.0,20 ,NoRisk
0.164176551696922,260690,ASx,no,no,no,no,no,80.0,20 ,NoRisk
0.504211359664599,258724,ASx,no,no,yes,no,no,90.0,80,Risk
0.8276646932650891,215064,TIA,no,yes,yes,no,no,76.0,30 ,NoRisk
0.270176644224042,271675,TIA,no,yes,no,no,no,82.0,30 ,NoRisk
0.8276646932650891,215030,CVA,no,no,no,no,no,99.0,60 ,NoRisk
0.540827707817906,189924,A-F,no,no,no,no,no,90.0,30 ,NoRisk
0.597130084049358,117937,A-F,no,yes,yes,yes,no,80.0,50,Risk
0.00029535254698,86931,CVA,no,no,no,no,no,75.0,100 ,NoRisk
0.616826846674204,219944,CVA,no,no,no,no,no,75.0,60 ,NoRisk
0.6014963385493649,290767,A-F,no,no,yes,no,no,75.0,75 ,NoRisk
0.49696283041248107,82600,Asx,no,yes,yes,yes,no,80.0,53,Risk
0.8889074969440021,210302,A-F,no,no,no,no,no,70.0,50 ,NoRisk
0.7212718276904679,211548,ASx,no,no,no,no,no,80.0,10 ,NoRisk
0.405486077247813,99660,A-F,no,yes,yes,no,no,81.0,20 ,NoRisk
0.692947892164362,251803,TIA,yes,yes,no,no,no,95.0,90,Risk
0.054098348774183,92410,ASx,no,yes,yes,no,no,85.0,16 ,NoRisk
0.416160981486113,193972,ASx,no,yes,no,no,no,76.0,30 ,NoRisk
0.567070429530645,232609,CVA,no,yes,no,no,no,60.0,10 ,NoRisk
0.313412193579918,201872,TIA,no,yes,yes,no,no,75.0,75,Risk
0.5097275246743089,109590,CVA,no,yes,no,no,no,90.0,25 ,NoRisk
0.8138537230618701,117464,TIA,no,no,yes,no,no,90.0,85,Risk
0.391715118583164,79960,A-F,no,no,yes,no,no,50.0,30 ,NoRisk
0.066959615064966,167760,A-F,no,yes,yes,no,no,70.0,100,Risk
0.86207629387685,207843,A-F,no,no,no,no,no,95.0,20 ,NoRisk
0.943604196955344,86547,ASx,no,yes,yes,yes,no,90.0,90,Risk
0.7909479762495341,172813,A-F,no,no,no,no,no,85.0,75 ,NoRisk
0.9371204197684309,214084,A-F,no,yes,no,no,no,73.0,10 ,NoRisk
0.5927601343616771,216627,A-F,no,yes,no,yes,no,95.0,100,Risk
0.290484806822613,284851,A-F,yes,no,yes,yes,no,90.0,100,Risk
0.989274464786935,245533,ASx,no,no,no,no,no,95.0,10 ,NoRisk
0.218397351804312,260803,ASx,no,no,no,yes,no,90.0,100,Risk
0.49482717982814,127054,TIA,no,yes,yes,no,no,80.0,100,Risk
0.26946950001937,270519,A-F,no,yes,yes,no,no,85.0,75,Risk
0.020365503550293,217228,A-F,no,yes,no,no,no,76.0,70 ,NoRisk
0.402639547382711,247947,TIA,no,no,yes,no,no,75.0,40 ,NoRisk
0.846201784524122,219632,CVA,no,yes,yes,no,no,70.0,100,Risk
0.091151689500474,88723,CVA,no,yes,yes,yes,no,90.0,90,Risk
0.7469746090041479,94278,CVA,no,no,no,no,no,70.0,40 ,NoRisk
0.21904830409772602,136820,CVA,no,yes,yes,yes,no,90.0,90,Risk
0.445093158117335,199792,A-F,no,yes,yes,no,no,65.0,15 ,NoRisk
0.672661672302475,262670,ASx,no,no,yes,no,no,73.0,25 ,NoRisk
0.281546835883934,116312,CVA,no,no,yes,no,no,70.0,50 ,NoRisk
0.14494856705190198,207514,ASx,no,yes,yes,no,no,85.0,16 ,NoRisk
0.548439326808302,229346,TIA,no,no,no,no,no,75.0,50 ,NoRisk
0.17250817559545997,252892,A-F,no,yes,no,no,no,73.0,10 ,NoRisk
0.776145930470172,260203,A-F,no,yes,no,yes,no,80.0,100,Risk
0.9234179156261879,165432,CVA,no,yes,yes,yes,no,80.0,70,
0.23872276397821401,123772,ASx,no,no,yes,yes,no,97.0,95,Risk
0.383629898699337,216879,TIA,no,no,no,no,no,71.0,50 ,NoRisk
0.59018897876333,169740,A-F,no,yes,yes,yes,no,90.0,90,Risk
0.9458180236232091,166983,A-F,no,no,no,no,no,85.0,75 ,NoRisk
0.21699849593995102,289880,CVA,no,yes,yes,yes,no,90.0,30 ,NoRisk
0.1598425621966,287794,A-F,no,yes,no,no,no,76.0,50 ,NoRisk
0.48303433533121504,218968,TIA,no,no,no,no,no,85.0,75 ,NoRisk
0.040526113651373,160147,TIA,no,no,yes,no,no,73.0,30 ,NoRisk
0.319215177036255,158024,TIA,no,no,,no,no,75.0,75,NoRisk
0.277198067307516,223164,CVA,no,no,no,no,no,60.0,20 ,NoRisk
0.416850689924709,123626,A-F,no,yes,yes,no,no,80.0,40,Risk
0.323944981993698,131751,A-F,no,yes,yes,yes,no,80.0,50,Risk
0.473324166731276,87715,TIA,no,no,yes,no,no,65.0,70 ,NoRisk
0.927233194725793,120338,A-F,no,yes,yes,no,no,95.0,40,Risk
0.616826846674204,169576,CVA,no,yes,yes,no,no,85.0,15 ,NoRisk
0.867082531546995,201967,CVA,no,yes,no,no,no,80.0,30 ,NoRisk
0.004501138454437999,178402,CVA,no,no,no,no,no,70.0,40 ,NoRisk
0.16572480901175698,242574,ASx,no,yes,no,no,no,81.0,80 ,NoRisk
0.369701554123623,89712,CVA,no,yes,no,no,no,80.0,30 ,NoRisk
0.16572480901175698,165229,A-F,no,yes,yes,yes,no,80.0,50,Risk
0.51049651856281,160242,A-F,no,yes,no,yes,no,99.0,100,Risk
0.339667897064298,105807,A-F,no,yes,yes,no,no,90.0,75,Risk
0.130464079097401,259053,ASx,no,yes,no,no,no,81.0,50 ,NoRisk
0.339667897064298,280836,A-F,no,no,no,no,no,90.0,50 ,NoRisk
0.6927219517067871,257504,CVA,no,no,no,no,no,50.0,50 ,NoRisk
0.08512723704415599,254560,CVA,no,no,no,no,no,99.0,60 ,NoRisk
0.575916610825774,243844,CVA,no,yes,yes,no,no,70.0,100,Risk
0.08512723704415599,274194,ASx,no,yes,yes,no,no,55.0,85 ,NoRisk
0.323746131069787,261091,TIA,no,yes,yes,no,no,76.0,60 ,NoRisk
0.724629783192497,223435,A-F,no,no,no,no,no,95.0,95,Risk
0.477110854144998,189014,CVA,no,no,yes,yes,no,80.0,80,Risk
0.37823629419427096,142954,CVA,no,yes,no,no,yes,76.0,50 ,NoRisk
0.76121922053724,256076,,no,no,no,yes,yes,99.0,100,Risk
0.712196486340227,161709,A-F,no,no,yes,no,no,75.0,15 ,NoRisk
0.8229097997828699,165733,TIA,no,no,no,no,no,71.0,20 ,NoRisk
0.712196486340227,141025,TIA,no,no,yes,no,yes,60.0,100 ,NoRisk
0.019867925971568,201284,TIA,no,no,no,no,yes,71.0,20 ,NoRisk
0.857233979848766,164868,TIA,no,yes,yes,no,no,90.0,90,Risk
0.7353571015921501,295978,CVA,no,no,yes,no,no,82.0,40 ,NoRisk
0.470372393709661,217398,TIA,no,yes,yes,no,no,76.0,50 ,NoRisk
0.885582745864896,150332,A-F,no,no,no,no,no,90.0,50 ,NoRisk
0.335130156182441,153267,A-F,no,yes,no,yes,no,95.0,100,Risk
0.9504559790044379,180914,CVA,no,yes,yes,yes,no,80.0,50,Risk
0.335130156182441,177894,A-F,yes,no,yes,yes,no,85.0,100,Risk
0.764277424560693,85875,TIA,no,no,no,no,no,79.0,73 ,NoRisk
0.854202359282738,290242,ASx,no,no,yes,no,no,85.0,10 ,NoRisk
0.21416065909763396,277528,A-F,no,yes,no,no,no,80.0,20 ,NoRisk
0.854202359282738,196353,A-F,no,no,no,no,no,75.0,75 ,NoRisk
0.277527396633531,196323,A-F,no,no,yes,yes,no,95.0,85,Risk
0.837270114452997,154783,CVA,no,yes,no,no,no,85.0,75 ,NoRisk
0.88179142354688,168076,A-F,no,yes,no,no,no,73.0,10 ,NoRisk
0.837270114452997,172990,A-F,no,no,no,no,no,70.0,50 ,NoRisk
0.6206592179453629,85322,A-F,yes,yes,no,yes,no,90.0,100,Risk
0.6937357592696489,105150,CVA,no,no,yes,no,no,70.0,20 ,NoRisk
0.435637448690662,221364,CVA,no,yes,no,no,no,73.0,30 ,NoRisk
0.6937357592696489,286940,A-F,no,no,no,no,no,90.0,85 ,NoRisk
0.663221296196828,244849,TIA,no,no,no,no,no,65.0,30 ,NoRisk
0.8116400549879159,283426,TIA,no,no,yes,no,no,75.0,75 ,NoRisk
0.658244649941921,104433,A-F,no,no,no,no,no,75.0,55 ,NoRisk
0.8116400549879159,116050,TIA,no,no,yes,yes,no,76.0,35 ,NoRisk
0.633924318769437,233218,CVA,no,no,no,no,no,75.0,20 ,NoRisk
0.7325500844196621,260877,ASx,no,no,no,no,no,70.0,20 ,NoRisk
0.8332334374550671,201207,A-F,no,no,yes,yes,no,95.0,80,Risk
0.7325500844196621,141608,A-F,no,no,no,no,no,80.0,80 ,NoRisk
0.675964292767802,110515,A-F,no,yes,no,yes,no,90.0,100,Risk
0.20716798308870896,99632,A-F,no,yes,yes,yes,no,80.0,50,Risk
0.8905164014302079,83931,A-F,no,no,yes,no,no,75.0,75 ,NoRisk
0.05089011001567599,217719,A-F,no,no,no,no,no,78.0,30 ,NoRisk
0.517686302438442,132044,A-F,no,yes,no,no,no,70.0,100,Risk
0.899970156693562,195396,A-F,no,yes,yes,no,no,70.0,100,Risk
0.7932770485591311,112946,A-F,no,yes,yes,no,no,75.0,30,Risk
0.899970156693562,227226,ASx,no,no,yes,yes,no,97.0,95,Risk
0.150970803872612,250656,TIA,no,no,yes,no,no,80.0,50 ,NoRisk
0.550238722264808,82627,ASx,no,no,no,no,no,75.0,10 ,NoRisk
0.7812789758096841,101115,CVA,no,no,no,no,no,70.0,25 ,NoRisk
0.550238722264808,251421,TIA,no,yes,yes,no,no,80.0,40 ,NoRisk
0.07522053167651599,158271,TIA,no,yes,no,no,no,78.0,60 ,NoRisk
0.8611524066834091,254228,ASx,no,no,no,no,no,80.0,10 ,NoRisk
0.227964869609143,260857,A-F,no,no,yes,no,no,50.0,30 ,NoRisk
0.576931726403176,113202,ASx,no,yes,yes,yes,no,95.0,60,Risk
0.435637448690662,169167,TIA,no,no,no,no,yes,75.0,100 ,NoRisk
0.622274056306636,168546,ASx,no,yes,yes,yes,no,70.0,55,Risk
0.83584825521019,234210,TIA,no,no,no,no,no,68.0,51 ,NoRisk
0.622274056306636,122310,TIA,no,yes,yes,no,no,75.0,75,Risk
0.658244649941921,231204,CVA,no,yes,yes,yes,no,90.0,90,Risk
0.063159156860344,154051,TIA,no,no,no,no,no,90.0,90 ,NoRisk
0.16146569081026502,113494,CVA,no,no,no,no,no,70.0,50 ,NoRisk
0.063159156860344,163118,TIA,no,no,no,no,no,50.0,40 ,NoRisk
0.8332334374550671,83371,A-F,no,no,yes,yes,no,60.0,100,Risk
0.6991380509581441,251228,TIA,no,no,no,no,no,55.0,35 ,NoRisk
0.423937729459153,218830,A-F,no,yes,no,yes,no,99.0,100,Risk
0.6991380509581441,186440,A-F,no,yes,no,no,no,76.0,65 ,NoRisk
0.795662218753786,279528,ASx,no,no,yes,yes,no,95.0,100,Risk
0.359149405692086,170174,CVA,no,yes,yes,yes,no,75.0,50,Risk
0.8691636342599058,288792,A-F,no,no,yes,no,no,80.0,40 ,NoRisk
0.359149405692086,220081,A-F,no,yes,no,yes,no,99.0,100,Risk
0.857842991506398,207609,A-F,no,yes,no,no,no,75.0,35 ,NoRisk
0.055136405810616,193096,CVA,no,yes,yes,yes,no,70.0,100,Risk
0.283166344634362,218043,TIA,no,yes,yes,no,no,75.0,50 ,NoRisk
0.055136405810616,163765,CVA,no,no,no,yes,yes,99.0,100,Risk
0.349282889748206,276094,CVA,no,yes,yes,no,no,76.0,40 ,NoRisk
0.742886286519136,228957,TIA,no,yes,no,no,no,81.0,20 ,NoRisk
0.522770393314318,184004,TIA,no,yes,no,no,no,78.0,60 ,NoRisk
0.742886286519136,234736,CVA,no,yes,no,no,no,85.0,50 ,NoRisk
0.227964869609143,214940,TIA,no,yes,no,no,no,70.0,50 ,NoRisk
0.24814715500263798,279165,ASx,no,no,no,no,no,95.0,10 ,NoRisk
0.24389688823594197,252201,TIA,no,yes,yes,no,no,85.0,60 ,NoRisk
0.24814715500263798,78261,TIA,no,no,no,no,no,50.0,40 ,NoRisk
0.6926803990714889,208742,TIA,no,no,no,no,no,75.0,75 ,NoRisk
0.026874264294772004,234393,TIA,no,no,no,no,no,71.0,30 ,NoRisk
0.5924170323498771,291079,TIA,no,no,yes,no,no,73.0,30 ,NoRisk
0.026874264294772004,157773,Asx,no,yes,yes,yes,no,80.0,53,Risk
0.526470395848755,151250,CVA,no,no,yes,yes,no,95.0,100,Risk
0.57808048205536,101494,CVA,no,yes,no,no,no,73.0,70 ,NoRisk
0.441052620791981,239144,CVA,no,yes,yes,yes,no,85.0,100,Risk
0.57808048205536,190039,CVA,no,no,no,no,no,70.0,50 ,NoRisk
0.206408595576163,158905,TIA,no,yes,no,no,no,70.0,50 ,NoRisk
0.29616805853290396,293624,A-F,no,yes,yes,no,no,81.0,20 ,NoRisk
0.127184917969958,193549,A-F,no,no,no,no,no,80.0,90,Risk
0.5639893997684511,230630,CVA,no,yes,yes,no,no,76.0,50 ,NoRisk
0.473078173869647,289968,A-F,no,no,no,no,no,78.0,30 ,NoRisk
0.329969174931665,243177,TIA,no,yes,no,no,no,69.0,20 ,NoRisk
0.20716798308870896,179407,TIA,no,no,no,no,no,71.0,30 ,NoRisk
0.329969174931665,288576,TIA,no,yes,yes,no,no,75.0,20 ,NoRisk
0.283166344634362,190705,A-F,no,yes,yes,no,no,90.0,50,Risk
0.307973512257301,171223,CVA,no,yes,yes,no,no,60.0,100 ,NoRisk
0.11069458064852901,112474,ASx,no,yes,yes,yes,no,90.0,100,Risk
0.307973512257301,228272,TIA,yes,no,yes,no,no,90.0,95,Risk
0.016519909089799,207681,A-F,no,yes,yes,no,no,85.0,75,Risk
0.635682397688571,294955,CVA,no,no,yes,no,no,70.0,20 ,NoRisk
0.44454046528571,247264,TIA,no,no,no,no,no,75.0,50 ,NoRisk
0.635682397688571,172880,Asx,no,yes,yes,yes,no,75.0,100,Risk
0.210110785922922,195278,A-F,no,yes,no,no,no,70.0,40 ,NoRisk
0.894513919065292,183289,TIA,no,no,no,no,no,75.0,20 ,NoRisk
0.7355399714902561,256339,CVA,no,no,no,no,no,70.0,70 ,NoRisk
0.894513919065292,157158,CVA,no,yes,yes,yes,no,80.0,50,Risk
0.7700204067625229,259236,TIA,no,no,no,no,no,68.0,20 ,NoRisk
0.751350486415903,116587,TIA,no,no,no,no,no,75.0,50 ,NoRisk
0.8295839814502901,229959,TIA,no,no,no,no,no,75.0,75 ,NoRisk
0.751350486415903,150363,A-F,no,yes,no,no,no,70.0,100,Risk
0.26897019651271303,221427,Asx,yes,yes,yes,no,no,80.0,80,Risk
0.131443714424775,155408,CVA,no,yes,yes,no,no,80.0,20 ,NoRisk
0.8724794455262841,219278,A-F,no,no,no,no,no,95.0,95,Risk
0.131443714424775,105220,Asx,no,yes,yes,yes,no,75.0,100,Risk
0.088104488816586,188844,A-F,no,yes,no,no,no,90.0,90,Risk
0.000314454623412,99636,TIA,no,no,no,no,yes,75.0,100 ,NoRisk
0.18662410529635198,192452,A-F,no,yes,no,no,no,80.0,20 ,NoRisk
0.000314454623412,102033,ASx,no,no,no,no,no,95.0,10 ,NoRisk
0.009607961015521999,153422,CVA,no,yes,yes,yes,no,90.0,30 ,NoRisk
0.918929758906295,95436,TIA,no,no,no,no,no,72.0,73 ,NoRisk
0.5934783352809959,206834,TIA,no,no,no,no,no,70.0,30 ,NoRisk
0.918929758906295,149232,A-F,no,yes,yes,no,no,90.0,70,Risk
0.755761350332895,92236,A-F,no,no,no,yes,no,75.0,100,Risk
0.10575929236613199,232801,CVA,no,yes,no,yes,no,95.0,100,Risk
0.9741828309185719,155454,TIA,no,no,no,no,no,75.0,30 ,NoRisk
0.10575929236613199,172089,A-F,no,yes,no,yes,no,90.0,100,Risk
0.9392515564628949,200822,TIA,no,no,yes,yes,no,76.0,35 ,NoRisk
0.724245766990957,87621,CVA,no,no,yes,no,no,73.0,35 ,NoRisk
0.12515080975522502,176920,TIA,no,yes,no,no,no,81.0,20 ,NoRisk
0.724245766990957,98556,CVA,no,no,yes,no,no,73.0,50 ,NoRisk
0.550238722264808,114150,TIA,no,no,yes,no,no,73.0,40 ,NoRisk
0.540709710857495,251737,CVA,no,yes,yes,no,no,80.0,20 ,NoRisk
0.9767942816433599,258848,CVA,no,yes,yes,no,no,85.0,50 ,NoRisk
0.540709710857495,201841,A-F,no,yes,no,no,no,76.0,60 ,NoRisk
0.520689821494229,184677,TIA,no,yes,no,no,no,73.0,30 ,NoRisk
0.683505765120577,101210,CVA,no,no,no,no,no,70.0,40 ,NoRisk
0.590236367193989,138079,TIA,no,yes,yes,no,no,90.0,90,Risk
0.683505765120577,222512,A-F,no,no,no,no,no,75.0,30 ,NoRisk
0.16533585009547302,89796,TIA,no,yes,no,no,no,90.0,100,Risk
0.8997424302934,252842,A-F,no,no,no,no,no,81.0,40 ,NoRisk
0.885367243868885,174096,TIA,no,no,yes,no,no,81.0,20 ,NoRisk
0.576183633799019,82843,A-F,no,yes,yes,no,no,90.0,50,Risk
0.8138128443135608,255808,A-F,no,no,no,no,no,70.0,50 ,NoRisk
0.576183633799019,99957,A-F,no,yes,yes,no,no,65.0,60 ,NoRisk
0.962330990676547,136932,CVA,no,yes,yes,yes,no,85.0,100,Risk
0.8997424302934,217285,A-F,no,no,yes,yes,no,60.0,100,Risk
0.838587280275216,285754,TIA,no,no,no,no,no,70.0,50 ,NoRisk
0.8997424302934,284721,A-F,no,no,yes,no,no,80.0,40 ,NoRisk
0.17762136379349697,173077,A-F,no,yes,no,no,no,70.0,80 ,NoRisk
0.576183633799019,80100,CVA,no,yes,yes,no,no,80.0,20 ,NoRisk
0.886391714429981,127764,TIA,yes,yes,yes,yes,no,90.0,80,Risk
0.8997424302934,293866,TIA,no,no,no,no,no,73.0,30 ,NoRisk
0.35673412430085294,81771,TIA,no,yes,yes,no,no,76.0,50 ,NoRisk
0.577496014213385,119426,CVA,no,yes,yes,yes,no,90.0,100,Risk
0.5934783352809959,191288,CVA,no,no,no,yes,yes,99.0,100,Risk
0.25836864981019697,188200,A-F,no,no,no,yes,no,90.0,100,Risk
0.9795246092192769,78264,ASx,no,no,no,no,no,78.0,35 ,NoRisk
0.5923446768679821,93936,CVA,no,yes,no,no,no,70.0,60 ,NoRisk
0.290649981188479,242862,TIA,no,yes,yes,yes,no,75.0,50,Risk
0.5923446768679821,280423,A-F,no,no,no,no,no,74.0,50 ,NoRisk
0.323328526758925,287264,A-F,no,yes,no,no,no,70.0,40 ,NoRisk
0.70365114206111,156172,TIA,no,yes,yes,no,no,80.0,100,Risk
0.256716007519464,291984,A-F,no,yes,no,no,no,80.0,20 ,NoRisk
0.543722223807148,178148,CVA,no,no,yes,no,no,73.0,50 ,NoRisk
0.919235342539754,170584,A-F,no,no,no,no,no,70.0,20 ,NoRisk
0.125266032039351,295671,ASx,no,no,yes,no,no,80.0,65,Risk
0.876886898960332,186832,A-F,no,no,no,no,no,75.0,40 ,NoRisk
0.91311605330815,238518,TIA,no,yes,no,no,no,70.0,30 ,NoRisk
0.72056038049181,285550,CVA,no,no,no,no,no,70.0,25 ,NoRisk
0.39827293287286997,263580,TIA,no,yes,no,no,no,75.0,85 ,NoRisk
0.323000598258217,105212,A-F,no,yes,yes,no,no,80.0,50,Risk
0.5252261005386629,169258,A-F,no,yes,no,no,no,78.0,10 ,NoRisk
0.48127287473181607,101571,ASx,no,yes,yes,no,no,75.0,50,Risk
0.874155185485881,169170,TIA,no,no,yes,no,no,75.0,70 ,NoRisk
0.5972460686999829,209550,CVA,no,no,no,no,no,95.0,30 ,NoRisk
0.7782050209433601,171235,TIA,no,yes,yes,no,no,85.0,60 ,NoRisk
0.13355334857052,141848,TIA,no,no,no,no,no,70.0,60 ,NoRisk
0.051476405978094004,173538,A-F,no,no,no,yes,no,90.0,100,Risk
0.39361934968106105,99655,TIA,no,yes,yes,no,no,75.0,50 ,NoRisk
0.070146544204773,103994,ASx,no,no,yes,no,no,73.0,25 ,NoRisk
0.569874106697973,103700,TIA,no,yes,yes,no,no,75.0,50 ,NoRisk
0.124275989331726,81500,A-F,no,no,no,no,no,78.0,30 ,NoRisk
0.35782977160658597,87483,A-F,no,no,no,no,no,70.0,20 ,NoRisk
0.009223284412398001,253327,TIA,no,no,yes,no,no,75.0,65,Risk
0.211624959851113,177254,ASx,no,no,no,yes,no,90.0,100,Risk
0.103162570290488,250893,A-F,no,yes,no,no,no,70.0,40 ,NoRisk
0.6806392058566559,274712,TIA,no,no,yes,no,no,75.0,40 ,NoRisk
0.6138903517155829,195271,A-F,no,no,no,no,no,82.0,30 ,NoRisk
0.10575929236613199,96775,TIA,no,yes,yes,no,no,76.0,50 ,NoRisk
0.7911831111667049,211497,A-F,no,yes,yes,no,no,90.0,50,Risk
0.6068957776991489,94136,A-F,no,yes,no,no,no,75.0,60 ,NoRisk
0.175443550889067,108608,A-F,yes,no,yes,yes,no,95.0,75,Risk
0.25687265717701396,152307,A-F,no,yes,yes,no,no,60.0,80 ,NoRisk
0.9939534893601809,242754,ASx,no,yes,no,no,no,80.0,100 ,NoRisk
0.684879343154968,114451,CVA,no,yes,yes,yes,no,80.0,70,Risk
0.48493562513229704,155940,ASx,no,no,no,no,no,95.0,20 ,NoRisk
0.211058426793717,93645,CVA,no,yes,yes,yes,no,80.0,70,Risk
0.317503845511231,170696,A-F,yes,yes,yes,yes,no,95.0,100,Risk
0.798830972138973,284517,TIA,no,no,no,no,no,51.0,51 ,NoRisk
0.9939534893601809,206920,A-F,no,yes,yes,yes,no,80.0,50,Risk
0.15673355190754001,289630,ASx,no,no,no,no,no,78.0,35 ,NoRisk
0.067866673239484,216230,TIA,no,yes,yes,no,no,90.0,90,Risk
0.154182981453426,182877,TIA,no,yes,no,no,no,82.0,70 ,NoRisk
0.317503845511231,244528,A-F,no,yes,yes,no,no,81.0,10 ,NoRisk
0.683505765120577,182992,CVA,no,yes,yes,yes,no,95.0,80,Risk
0.241234095714157,86886,A-F,no,no,no,no,no,80.0,80 ,NoRisk
0.6952340952293621,251349,A-F,no,yes,no,no,no,73.0,10 ,NoRisk
0.067866673239484,213273,TIA,yes,yes,no,no,no,95.0,90,Risk
0.576183633799019,232706,CVA,no,yes,no,no,no,80.0,40 ,NoRisk
0.789953266025135,256197,A-F,no,yes,no,yes,no,95.0,100,Risk
0.553074259176948,108252,TIA,no,no,yes,no,no,80.0,20 ,NoRisk
0.241234095714157,100834,TIA,no,yes,yes,yes,no,90.0,100,Risk
0.577496014213385,221806,CVA,no,no,no,no,no,68.0,40 ,NoRisk
0.05653126353266599,191401,CVA,no,no,yes,yes,no,95.0,100,Risk
0.555868482567083,259929,CVA,no,no,yes,yes,no,80.0,80,Risk
0.789953266025135,229731,A-F,yes,yes,yes,no,no,80.0,50,Risk
0.968357031523999,174470,A-F,yes,yes,yes,no,no,90.0,70,Risk
0.25397977946994604,115594,TIA,no,no,no,no,no,51.0,51 ,NoRisk
0.850131540937002,92349,TIA,no,no,no,no,no,68.0,20 ,NoRisk
0.535894824475331,202226,TIA,no,no,yes,no,no,76.0,20 ,NoRisk
0.4277736577592629,112052,ASx,no,no,yes,no,no,75.0,100,Risk
0.686587359168067,256276,ASx,no,no,no,no,no,75.0,65 ,NoRisk
0.420636947022529,153528,CVA,no,yes,yes,yes,no,90.0,100,Risk
0.31605816008309,165589,TIA,no,no,yes,no,no,73.0,50 ,NoRisk
0.116021480154071,271634,A-F,no,no,yes,no,no,78.0,20 ,NoRisk
0.931770398861787,103266,CVA,no,yes,yes,no,no,85.0,50 ,NoRisk
0.325679009413295,152595,CVA,no,yes,yes,no,no,76.0,50 ,NoRisk
0.486004752675109,283849,TIA,no,no,yes,no,no,75.0,70 ,NoRisk
0.7585350114107869,229003,CVA,no,no,no,no,no,70.0,50 ,NoRisk
0.9238785326191958,257894,CVA,no,yes,yes,yes,no,75.0,50,Risk
0.656784556860089,78745,A-F,no,yes,no,yes,no,99.0,100,Risk
0.35657156369466797,79428,CVA,no,no,yes,no,no,82.0,40 ,NoRisk
0.501129938211516,238543,A-F,no,no,no,no,no,70.0,20 ,NoRisk
0.106050828775661,115621,A-F,no,no,no,no,no,95.0,20 ,NoRisk
0.7835005600924091,257042,CVA,no,no,yes,yes,no,80.0,100,Risk
0.8807685855071619,238474,A-F,no,no,no,no,no,80.0,100,Risk
0.171413817152575,272136,A-F,no,no,no,yes,no,95.0,100,Risk
0.5103568074478739,163611,A-F,no,no,no,no,no,95.0,20 ,NoRisk
0.683505765120577,109882,CVA,no,no,yes,yes,no,95.0,100,Risk
0.949138990726918,169399,CVA,no,no,yes,yes,no,95.0,100,Risk
0.6198916819325171,223012,TIA,no,no,yes,no,no,77.0,20 ,NoRisk
0.712995929101277,276637,CVA,no,no,no,no,no,70.0,50 ,NoRisk
0.25836864981019697,271514,CVA,no,yes,no,no,no,90.0,20 ,NoRisk
0.718122709333756,274188,CVA,no,yes,yes,no,no,82.0,30 ,NoRisk
0.5934313674343779,103675,CVA,no,no,yes,yes,no,80.0,100,Risk
0.9899961796363179,120590,TIA,yes,no,yes,no,no,90.0,100,Risk
0.5923446768679821,189796,CVA,no,yes,yes,no,no,85.0,50 ,NoRisk
0.7815014043388558,139898,CVA,no,yes,yes,no,no,70.0,100,Risk
0.20655958883151698,275880,A-F,no,no,no,no,no,80.0,80 ,NoRisk
0.477771240258635,275834,CVA,no,yes,no,no,no,70.0,60 ,NoRisk
0.651587873831296,98254,A-F,no,yes,no,yes,no,99.0,100,Risk
0.31736398395211,96332,CVA,no,yes,no,no,no,60.0,10 ,NoRisk
0.22881714735846698,293692,ASx,no,no,no,no,no,78.0,35 ,NoRisk
0.42492451048429397,126002,ASx,no,yes,yes,yes,no,70.0,100,Risk
0.19990139762725398,184342,CVA,no,yes,yes,no,no,80.0,20 ,NoRisk
0.686587359168067,260096,A-F,no,no,no,no,no,70.0,20 ,NoRisk
0.9807923124115071,90840,CVA,no,no,no,no,no,68.0,20 ,NoRisk
0.36362496223521,225247,A-F,no,no,no,yes,no,95.0,95,Risk
0.89307727922417,199716,CVA,no,no,yes,no,no,82.0,40 ,NoRisk
0.931770398861787,295401,A-F,no,yes,no,no,no,70.0,80 ,NoRisk
0.898344884436476,281994,A-F,no,no,no,no,no,95.0,95,Risk
0.6829817770721128,274344,A-F,no,yes,no,no,no,99.0,60,Risk
0.72037747627884,288808,CVA,no,yes,no,no,no,70.0,70 ,NoRisk
0.9238785326191958,231744,ASx,no,no,yes,no,no,82.0,10 ,NoRisk
0.57936835839613,153891,CVA,no,yes,no,no,no,90.0,20 ,NoRisk
0.30878372932290804,130651,CVA,no,no,yes,yes,no,80.0,80,Risk
0.48054490418683,83328,A-F,no,yes,no,no,no,75.0,60 ,NoRisk
0.106050828775661,185643,CVA,no,yes,no,no,no,80.0,30 ,NoRisk
0.614480656764878,140248,A-F,no,no,no,no,no,75.0,55 ,NoRisk
0.7553562412248291,203043,Asx,yes,yes,yes,no,no,99.0,75,Risk
0.8113576872112359,204790,TIA,no,no,no,no,no,70.0,100 ,NoRisk
0.5103568074478739,86112,CVA,no,no,yes,yes,no,80.0,80,Risk
0.9388268280517791,247662,TIA,no,no,no,no,no,50.0,40 ,NoRisk
0.225863288259219,154531,TIA,no,no,no,no,no,70.0,30 ,NoRisk
0.251907839758567,104691,TIA,yes,no,yes,no,no,95.0,100,Risk
0.712995929101277,212256,TIA,no,yes,yes,no,no,76.0,60 ,NoRisk
0.6076632188735861,285412,CVA,no,no,no,no,no,70.0,40 ,NoRisk
0.265680056555053,135694,CVA,no,yes,yes,yes,no,90.0,90,Risk
0.000616486870014,97984,CVA,no,yes,no,no,no,85.0,75 ,NoRisk
0.9899961796363179,230070,TIA,no,yes,no,no,no,70.0,20 ,NoRisk
0.93196992769478,253293,A-F,no,yes,yes,no,no,95.0,35,Risk
0.070401407216774,280444,A-F,no,no,yes,no,no,50.0,30 ,NoRisk
0.7911831111667049,165600,CVA,no,no,yes,no,no,82.0,40 ,NoRisk
0.477771240258635,129003,TIA,no,yes,yes,no,no,90.0,90,Risk
0.39297235541896003,234666,CVA,no,yes,yes,no,no,75.0,50 ,NoRisk
0.614189282050178,109638,TIA,no,yes,yes,no,no,95.0,100,Risk
0.22881714735846698,244161,CVA,no,no,no,no,no,99.0,30 ,NoRisk
0.42492451048429397,82822,TIA,no,yes,yes,no,no,90.0,100,Risk
0.611027801130161,204370,A-F,no,no,yes,no,no,71.0,30 ,NoRisk
0.7873622241461009,221443,TIA,no,yes,no,no,no,69.0,20 ,NoRisk
0.3818270811704,95572,Asx,no,yes,yes,yes,no,80.0,53,Risk
0.226465232854137,151627,TIA,no,yes,yes,no,no,85.0,60 ,NoRisk
0.795374537433103,295326,TIA,no,no,no,no,no,60.0,20 ,NoRisk
0.44540311341451794,219182,CVA,no,no,yes,no,no,60.0,60 ,NoRisk
0.354218013560677,81598,A-F,no,yes,no,yes,no,90.0,100,Risk
0.065967672829355,117070,TIA,yes,no,yes,no,no,97.0,70,Risk
0.07916854511611,114604,CVA,no,no,yes,no,no,70.0,50 ,NoRisk
0.42873075046998405,173164,A-F,no,no,no,no,no,90.0,30 ,NoRisk
0.028252808602716,255049,TIA,no,no,yes,no,no,74.0,20 ,NoRisk
0.157778051916395,198409,CVA,no,no,no,no,no,68.0,60 ,NoRisk
0.37914156495315,229156,CVA,no,no,yes,no,no,50.0,40 ,NoRisk
0.643403155817729,81946,CVA,no,no,no,no,no,70.0,20 ,NoRisk
0.40641998631605697,171213,A-F,no,no,yes,no,no,76.0,50 ,NoRisk
0.8949263530152249,91633,A-F,no,yes,no,no,no,76.0,70 ,NoRisk
0.205950545983097,204022,CVA,no,yes,yes,yes,no,90.0,100,Risk
0.991611155828675,188384,A-F,no,yes,no,no,no,76.0,60 ,NoRisk
0.614480656764878,97821,A-F,no,yes,no,yes,no,80.0,30,Risk
0.225863288259219,114076,A-F,no,yes,yes,no,no,65.0,15 ,NoRisk
0.529633788357864,189782,A-F,no,no,no,no,no,78.0,30 ,NoRisk
0.456213667460825,210560,TIA,no,no,yes,no,no,80.0,20 ,NoRisk
0.113037335820872,216805,A-F,no,yes,yes,yes,no,90.0,50,Risk
0.265680056555053,195540,A-F,no,yes,no,no,no,76.0,60 ,NoRisk
0.43702095005824604,212598,A-F,no,no,no,no,no,95.0,95,Risk
0.334900804625894,189586,ASx,no,yes,yes,no,no,75.0,75,Risk
0.35807995412384497,92612,A-F,no,no,no,no,no,70.0,10 ,NoRisk
0.32631313279001595,120746,A-F,no,no,no,no,no,95.0,95,Risk
0.947847013115179,221214,Asx,no,yes,yes,yes,no,80.0,53,Risk
0.7040217827820698,259117,Asx,no,yes,yes,yes,no,75.0,100,Risk
0.21695310313424598,183102,CVA,no,yes,yes,yes,no,90.0,30 ,NoRisk
0.033048192711567996,87598,A-F,no,no,no,no,no,70.0,20 ,NoRisk
0.00714474718918,259072,A-F,no,no,no,no,no,78.0,30 ,NoRisk
0.46917460675242206,170948,A-F,no,no,yes,no,no,78.0,20 ,NoRisk
0.026126879993003997,244296,A-F,no,no,no,no,no,90.0,30 ,NoRisk
0.7873622241461009,261302,A-F,no,yes,yes,yes,no,99.0,75,Risk
0.963358914418849,175801,CVA,no,no,yes,no,no,70.0,50 ,NoRisk
0.616655646821911,288391,A-F,no,yes,no,no,no,76.0,60 ,NoRisk
0.805730848607903,249794,TIA,no,yes,yes,no,no,80.0,60 ,NoRisk
0.44540311341451794,269060,TIA,no,no,no,no,no,75.0,100 ,NoRisk
0.45605551829407,268993,ASx,no,no,yes,no,no,51.0,100 ,NoRisk
0.9730755761542609,83808,TIA,no,yes,yes,no,no,76.0,50 ,NoRisk
0.9090755828159242,87562,CVA,no,no,no,no,no,68.0,100 ,NoRisk
0.414455720007931,287884,TIA,no,no,yes,no,no,79.0,25 ,NoRisk
0.042792036483539,263388,ASx,no,no,no,no,no,95.0,95,Risk
0.24979779183654896,81292,TIA,no,yes,no,no,no,70.0,20 ,NoRisk
0.8123862646521769,176972,A-F,no,yes,no,no,no,70.0,40 ,NoRisk
0.643403155817729,235280,CVA,no,no,yes,no,no,77.0,20 ,NoRisk
0.40036950693956397,201306,ASx,no,no,no,no,no,70.0,30 ,NoRisk
0.9507569862772329,228396,ASx,no,yes,yes,yes,no,70.0,55,Risk
0.324673426645877,139952,ASx,no,no,no,yes,no,95.0,95,Risk
0.991611155828675,203242,CVA,no,no,yes,yes,no,95.0,100,Risk
0.691104693646057,221032,CVA,no,no,no,no,no,75.0,90 ,NoRisk
0.609628117466331,80710,A-F,no,yes,yes,no,no,90.0,75,Risk
0.45354768317987104,78777,TIA,no,no,yes,no,no,70.0,100 ,NoRisk
0.937184095561498,178791,TIA,no,yes,yes,no,no,90.0,100,Risk
0.09781131086617001,214442,A-F,no,no,yes,yes,no,75.0,100,Risk
0.7300289340988859,180993,CVA,no,yes,yes,yes,no,80.0,50,Risk
0.25397977946994604,151065,ASx,no,no,no,no,no,75.0,10 ,NoRisk
0.181373111147216,202040,CVA,no,no,yes,yes,no,95.0,100,Risk
0.42100831262785493,218716,CVA,no,yes,yes,no,no,80.0,20 ,NoRisk
0.901270929181726,185476,CVA,no,no,no,no,no,75.0,100 ,NoRisk
0.911137113093193,169028,CVA,no,yes,no,no,no,60.0,10 ,NoRisk
0.7356809115430251,287920,ASx,no,yes,no,no,no,73.0,20 ,NoRisk
0.852216018812206,220698,CVA,no,no,no,no,no,68.0,100 ,NoRisk
0.05620937458126,81475,CVA,yes,yes,yes,no,no,70.0,20 ,NoRisk
0.49460949651291797,88468,A-F,no,yes,yes,yes,no,80.0,100,Risk
0.5118344053775621,280838,CVA,no,yes,yes,no,no,85.0,70,Risk
0.362030452691976,202611,A-F,no,no,no,no,no,75.0,75 ,NoRisk
0.224828787387552,244941,TIA,no,no,yes,no,no,65.0,70 ,NoRisk
0.09485567475396499,171018,TIA,no,yes,no,no,no,70.0,50 ,NoRisk
0.8892190435894941,144242,Asx,yes,yes,no,yes,no,95.0,100,Risk
0.301033231495777,159525,A-F,no,yes,no,no,no,79.0,40 ,NoRisk
0.291495312841216,234081,TIA,no,yes,no,no,no,78.0,60 ,NoRisk
0.783520670280937,184153,TIA,no,yes,no,no,no,73.0,60 ,NoRisk
0.018223586764468003,103729,CVA,no,no,no,no,no,99.0,30 ,NoRisk
0.31286135490649497,200116,TIA,no,no,no,no,no,73.0,30 ,NoRisk
0.356035097982636,107828,ASx,no,no,no,no,no,75.0,10 ,NoRisk
0.9662365079893349,246676,A-F,no,yes,yes,yes,no,80.0,50,Risk
0.906489258291545,101064,ASx,no,no,yes,no,no,70.0,60 ,NoRisk
0.06937012212852901,124404,TIA,no,yes,yes,yes,no,75.0,50,Risk
0.21902604076754897,286303,A-F,no,no,no,no,no,80.0,25 ,NoRisk
0.37445633689162605,164340,A-F,no,no,yes,no,no,75.0,25 ,NoRisk
0.9479182259877841,229110,ASx,no,yes,yes,yes,no,90.0,100,Risk
0.886276963652225,165246,ASx,no,no,yes,no,no,51.0,100 ,NoRisk
0.9295401186028079,112614,TIA,yes,no,yes,no,no,97.0,70,Risk
0.004415788455545,113103,TIA,no,no,yes,no,no,80.0,20 ,NoRisk
0.743778055985053,188880,TIA,no,no,yes,no,no,77.0,25 ,NoRisk
0.5884230863889829,249991,A-F,no,no,no,no,no,95.0,20 ,NoRisk
0.416338473546586,264709,ASx,no,yes,no,no,no,73.0,20 ,NoRisk
0.68183930353976,189595,ASx,no,no,no,no,no,85.0,85 ,NoRisk
0.5418919644768581,220320,A-F,no,no,no,no,no,81.0,40 ,NoRisk
0.06437344395214599,228866,A-F,no,yes,no,yes,no,80.0,100,Risk
0.312093955234568,290082,CVA,no,no,no,no,no,75.0,85 ,NoRisk
0.9354163711703929,153813,TIA,no,no,no,no,no,70.0,50 ,NoRisk
0.864205340651943,81914,TIA,no,yes,yes,no,no,80.0,100,Risk
0.6827314562993709,177250,TIA,no,yes,no,no,no,75.0,85 ,NoRisk
0.8293796290454241,143538,A-F,no,no,no,no,no,80.0,90,Risk
0.978612012164816,120126,A-F,no,yes,no,no,no,70.0,100,Risk
0.7545127677690708,89691,A-F,no,no,no,no,no,78.0,30 ,NoRisk
0.6675445588396911,187795,CVA,no,yes,yes,no,no,85.0,100,Risk
0.9735175477791129,290821,TIA,no,no,no,no,no,72.0,73 ,NoRisk
0.654860553974535,108124,ASx,no,no,no,no,no,85.0,85 ,NoRisk
0.607503680152381,99925,A-F,no,yes,yes,no,no,90.0,75,Risk
0.722297793093178,154806,ASx,no,yes,yes,yes,no,70.0,55,Risk
0.8285852725684659,141546,TIA,no,no,yes,no,no,75.0,30 ,NoRisk
0.6829817770721128,196315,A-F,no,yes,no,no,no,70.0,40 ,NoRisk
0.8560779562242329,109615,A-F,no,no,yes,no,no,76.0,50 ,NoRisk
0.28854660161119605,285021,ASx,no,yes,yes,yes,no,90.0,90,Risk
0.662480544617458,103988,TIA,no,no,no,no,no,75.0,20 ,NoRisk
0.516102653067588,109130,A-F,no,yes,no,no,no,85.0,60 ,NoRisk
0.174637296217805,103008,TIA,no,no,no,no,no,70.0,100 ,NoRisk
0.62069073165687,257229,TIA,no,no,no,no,no,70.0,40 ,NoRisk
0.29092165170916,83319,CVA,no,no,yes,no,no,70.0,20 ,NoRisk
0.7774759342741221,158522,A-F,no,yes,yes,no,no,80.0,10 ,NoRisk
0.9295401186028079,234320,TIA,no,yes,no,no,no,70.0,50 ,NoRisk
0.646600677204948,102102,CVA,no,yes,yes,no,no,85.0,50 ,NoRisk
0.25131119726549694,270428,A-F,no,yes,no,no,no,70.0,40 ,NoRisk
0.7048335228108,248784,A-F,no,no,no,no,no,75.0,30 ,NoRisk
0.416338473546586,174063,TIA,no,no,no,no,no,70.0,30 ,NoRisk
0.882864814512708,238616,TIA,no,no,yes,no,no,75.0,30 ,NoRisk
0.7143355707357779,109630,A-F,no,yes,no,no,no,75.0,35 ,NoRisk
0.886276963652225,103249,TIA,yes,yes,no,yes,no,95.0,90,Risk
0.312093955234568,254707,CVA,no,no,yes,no,no,73.0,35 ,NoRisk
0.8261682977821709,279549,A-F,no,yes,no,no,no,85.0,60 ,NoRisk
0.8131016710946021,169726,TIA,yes,no,no,no,yes,90.0,50,
0.5884230863889829,101179,TIA,no,no,no,no,no,70.0,50 ,NoRisk
0.8293796290454241,284860,TIA,no,yes,yes,no,no,80.0,60 ,NoRisk
0.226385861204293,211940,A-F,no,no,no,yes,no,95.0,95,Risk
0.6080884735773371,218320,TIA,no,no,yes,no,no,70.0,100 ,NoRisk
0.614189282050178,177127,ASx,no,no,yes,no,no,70.0,60 ,NoRisk
0.9735175477791129,293534,A-F,no,no,yes,no,no,75.0,15 ,NoRisk
0.552271428735053,248077,CVA,no,yes,yes,no,no,80.0,20 ,NoRisk
0.569729951381058,110265,ASx,no,yes,no,no,no,76.0,30 ,NoRisk
0.928895581254662,248816,Asx,yes,yes,yes,no,no,80.0,80,Risk
0.8285852725684659,292035,TIA,no,yes,yes,no,no,81.0,80 ,NoRisk
0.7623053203090421,231598,CVA,no,yes,no,no,no,73.0,30 ,NoRisk
0.637740926415707,130804,TIA,no,yes,no,no,no,90.0,100,Risk
0.6002588179410079,244172,A-F,no,yes,yes,no,no,95.0,80,Risk
0.620521983424169,85420,CVA,no,yes,yes,no,no,80.0,20 ,NoRisk
0.686339296478539,263565,TIA,no,no,yes,no,no,75.0,30 ,NoRisk
0.06619527107367,154850,CVA,no,yes,no,no,no,73.0,30 ,NoRisk
0.37747027647121795,154240,CVA,no,no,no,no,no,75.0,60 ,NoRisk
0.29092165170916,102754,A-F,no,no,yes,yes,no,95.0,100,Risk
0.408656916292841,88960,TIA,no,no,no,no,yes,75.0,100 ,NoRisk
0.660555716869735,156267,A-F,no,yes,no,no,no,70.0,70 ,NoRisk
0.7555670154359159,221162,A-F,no,yes,no,no,no,90.0,90,Risk
0.6974050601550661,213550,A-F,no,no,no,no,no,90.0,65 ,NoRisk
0.8593276577110699,89536,TIA,no,no,no,no,no,75.0,30 ,NoRisk
0.675467729661773,228391,TIA,no,yes,yes,no,no,76.0,30 ,NoRisk
0.039632293021043,256882,Asx,no,yes,yes,yes,no,80.0,50,Risk
0.8033744654884409,207543,ASx,no,no,no,no,no,95.0,10 ,NoRisk
0.073672826898762,214002,A-F,no,no,no,no,no,80.0,90,Risk
0.268916903742477,202306,CVA,no,no,no,no,no,70.0,25 ,NoRisk
0.9861469400083199,136318,CVA,no,yes,yes,no,no,70.0,100,Risk
0.8131016710946021,184119,TIA,no,yes,yes,no,no,76.0,30 ,NoRisk
0.517544993856284,172519,A-F,no,no,no,no,no,82.0,30 ,NoRisk
0.313869108204552,258763,CVA,no,no,no,no,no,70.0,25 ,NoRisk
0.342204862914404,252457,TIA,no,no,yes,no,no,73.0,30 ,NoRisk
0.9538207961394399,170200,A-F,no,yes,no,no,no,76.0,50 ,NoRisk
0.864205340651943,187617,Asx,no,yes,yes,yes,no,75.0,100,Risk
0.16880658544384602,88362,CVA,no,yes,yes,no,no,76.0,40 ,NoRisk
0.181373111147216,212112,TIA,no,no,yes,no,yes,60.0,100 ,NoRisk
0.561838015779984,186066,A-F,no,no,yes,no,no,78.0,20 ,NoRisk
0.7545127677690708,293073,A-F,no,yes,no,yes,no,95.0,100,Risk
0.051559974373980993,153668,TIA,no,no,yes,no,no,78.0,30 ,NoRisk
0.7356809115430251,151183,CVA,no,no,no,no,no,75.0,90 ,NoRisk
0.083431687168538,152781,TIA,no,no,no,no,no,71.0,30 ,NoRisk
0.76868080119498,167350,A-F,no,no,no,no,no,95.0,20 ,NoRisk
0.34212459790502897,93256,TIA,no,no,yes,no,no,90.0,85,Risk
0.294377026782904,287599,CVA,no,yes,no,no,no,73.0,30 ,NoRisk
0.38071111114464,150464,A-F,no,no,yes,no,no,71.0,30 ,NoRisk
0.406940862005659,246302,CVA,no,yes,no,yes,no,95.0,100,Risk
0.7778148368870109,214204,CVA,no,yes,yes,yes,no,75.0,50,Risk
0.8892190435894941,202550,TIA,no,no,yes,no,no,77.0,20 ,NoRisk
0.850373965382432,254679,TIA,no,yes,yes,no,no,80.0,80 ,NoRisk
0.170174519692236,196000,TIA,no,no,yes,no,no,68.0,25 ,NoRisk
0.541383861024732,288943,Asx,no,yes,yes,yes,no,80.0,50,Risk
0.336299504489154,94033,A-F,no,no,yes,no,no,50.0,30 ,NoRisk
0.29160118259573903,261536,TIA,yes,yes,no,no,no,95.0,90,Risk
0.39144038587032,203914,TIA,no,yes,no,no,no,73.0,30 ,NoRisk
0.013100388868115,94806,ASx,no,yes,yes,yes,no,90.0,100,Risk
0.08551795256810901,183511,CVA,no,yes,yes,no,no,80.0,20 ,NoRisk
0.9199862546864029,260462,TIA,no,no,no,no,no,70.0,30 ,NoRisk
0.230814253714844,272894,A-F,no,yes,yes,no,no,90.0,75,Risk
0.34655210198849296,263578,CVA,no,no,yes,no,no,73.0,50 ,NoRisk
0.826107677722981,155876,TIA,no,yes,yes,no,no,75.0,40 ,NoRisk
0.663215169202604,112863,A-F,no,no,yes,yes,no,95.0,100,Risk
0.62747289786576,131684,ASx,no,no,yes,no,no,90.0,80,Risk
0.7674374822402491,103894,TIA,no,no,yes,no,no,75.0,65,Risk
0.9727963806106441,83632,A-F,no,no,no,no,no,75.0,55 ,NoRisk
0.411550682123646,232686,CVA,no,yes,yes,yes,no,90.0,100,Risk
0.5442429547057729,269312,ASx,no,no,no,yes,no,90.0,100,Risk
0.313940923045823,95434,A-F,no,no,no,no,no,90.0,50 ,NoRisk
0.589827571868348,252007,TIA,no,no,yes,no,no,78.0,30 ,NoRisk
0.6353996142768461,210222,CVA,no,no,no,no,no,68.0,20 ,NoRisk
0.151705752360051,154089,CVA,no,no,no,no,no,70.0,70 ,NoRisk
0.564236993158787,155402,ASx,no,no,yes,no,no,85.0,10 ,NoRisk
0.8810377173484029,207613,CVA,no,no,no,no,no,68.0,100 ,NoRisk
0.07248139977091299,208141,CVA,no,no,yes,yes,no,80.0,80,Risk
0.12651189632699902,102674,CVA,no,no,yes,yes,no,80.0,100,Risk
0.689068089327321,259454,ASx,no,no,no,no,no,75.0,65 ,NoRisk
0.608902966280388,264631,TIA,no,yes,no,no,no,84.0,55 ,NoRisk
0.835615735509912,203306,TIA,no,no,yes,no,no,80.0,20 ,NoRisk
0.587113023251603,112788,Asx,no,yes,yes,yes,no,75.0,100,Risk
0.873609762319542,175424,CVA,no,no,yes,yes,no,95.0,100,Risk
0.766183517658824,201116,ASx,no,yes,no,no,no,73.0,20 ,NoRisk
0.6516848036723779,250503,TIA,no,no,no,no,no,50.0,40 ,NoRisk
0.977550801341468,195147,CVA,no,no,no,no,no,70.0,90 ,NoRisk
0.636996163786079,176877,A-F,no,no,no,no,no,74.0,50 ,NoRisk
0.278694622087235,141435,CVA,no,no,no,no,no,95.0,30 ,NoRisk
0.9191406114766221,254302,ASx,no,no,no,no,no,80.0,20 ,NoRisk
0.7204695847969209,80002,A-F,no,yes,yes,no,no,80.0,10 ,NoRisk
0.9321070083136949,225751,ASx,no,no,yes,no,no,80.0,65,Risk
0.7231275276008969,160904,A-F,yes,yes,yes,yes,no,90.0,100,Risk
0.5656901737741221,81288,CVA,no,yes,no,no,no,70.0,60 ,NoRisk
0.724805267033063,277082,Asx,no,yes,yes,yes,no,80.0,53,Risk
0.8981605758027479,95072,CVA,no,yes,yes,no,no,60.0,100 ,NoRisk
0.174637296217805,284804,TIA,no,yes,no,no,no,73.0,30 ,NoRisk
0.164732507240595,167652,TIA,no,no,yes,no,no,80.0,20 ,NoRisk
0.177898233876637,155942,TIA,no,yes,yes,no,no,95.0,100,Risk
0.070838006059633,118228,ASx,no,yes,yes,yes,no,70.0,100,Risk
0.39144038587032,93406,A-F,no,yes,no,no,no,76.0,60 ,NoRisk
0.253504048468104,121814,A-F,no,no,yes,yes,no,90.0,75,Risk
0.6203725197444411,101754,TIA,no,no,yes,no,no,75.0,20 ,NoRisk
0.6393417676199611,263836,A-F,no,yes,no,no,no,70.0,45 ,NoRisk
0.634922303910686,254941,CVA,no,no,no,no,no,60.0,20 ,NoRisk
